pid,tariffs_conversation
FA8DF2B157144DD8B33312EB954D7CF1,NA
14012CEC69774628B12A21F793A04037,"AI: Overall, do you think increasing tariffs or fees on goods imported from trading partners will be good or bad for the United States?
Participant: Very bad
AI: Thank you for your viewpoint. Could you elaborate on why you think increasing tariffs or fees on imported goods would be very bad? What are the specific areas or sectors you think would be most negatively affected by this action? How strongly do you hold this opinion, and are you open to consider different perspectives on this matter?
Participant: Because, we as consumers will be footing the bill for imported products such as electronics or coffee
AI: That's a clear point. The added cost from increased tariffs is often passed down to consumers. Can you think of any potential benefits to increased tariffs, or do you only see the negative impacts? How attached are you to your perspective and do you think more insight or information might sway your opinion?
Participant: No, it's fucking stupid.
Participant: Very bad
Participant: Because, we as consumers will be footing the bill for imported products such as electronics or coffee
Participant: No, it's fucking stupid."
7EC6EC9604A74DB4B503ED8DB5DFB91F,NA
BB6CC7E39FE141A98BE52FDA214419E2,"AI: What do you think about increasing tariffs or fees on goods imported from trading partners to the United States?
Participant: i need more info
AI: When tariffs or fees are increased on imported goods, the cost of these goods could potentially increase for consumers. This could also lead to retaliatory tariffs from trading partners, affecting various industries. On the other hand, some believe that tariffs can protect domestic industries and jobs. Keeping these aspects in mind, what are your thoughts on increasing tariffs or fees on imported goods?
Participant: seems bad for consumers
AI: You've mentioned that increased tariffs could be bad for consumers. Could you elaborate on why you believe this might be the case? Are you considering the possible increase in cost of goods, or are there other factors influencing your opinion?
Participant: higher prices on outside goods
AI: You've mentioned that higher tariffs might lead to higher prices on imported goods. How do you think this could impact your daily life or the lives of others? Do you think there are any circumstances under which the benefits of higher tariffs could outweigh these costs?
Participant: i would shop less for things outside the us, but that may be good
Participant: i need more info
Participant: seems bad for consumers
Participant: higher prices on outside goods
Participant: i would shop less for things outside the us, but that may be good"
7C594161B83B45D1BB58C960480CF8CA,"AI: What do you think about increasing tariffs or fees on goods imported from trading partners to the United States?
Participant: Bad, and stupid. Poorly informed.
AI: Interesting perspective. Can you share more about why you think increasing tariffs or fees on imported goods is a bad and poorly informed decision?
Participant: Because it passes the cost onto the american consumer.
AI: You've pointed out that increasing tariffs could end up making goods more expensive for consumers. What other effects do you believe such a policy could have, if any?
Participant: It will piss off other countries and weaken our trading position. 
AI: Thank you for your perspective. So from your point of view, the potential trade-off could hurt not only consumers but international relationships and trade positions as well. How strongly would you say you hold this opinion? Are you open to counter-arguments regarding this policy?
Participant: No.
Participant: Bad, and stupid. Poorly informed.
Participant: Because it passes the cost onto the american consumer.
Participant: It will piss off other countries and weaken our trading position. 
Participant: No."
6CC9B9CD54704ADB8CA8B7425856FED3,"AI: Why hold this position on this issue?
Participant: It is better for the US to make more money, however we do not want our prices to go up any higher than they already are.
Participant: It is better for the US to make more money, however we do not want our prices to go up any higher than they already are."
85C92CDBAC71452684E2566DAB6C7342,NA
71619BDA0F3443A29FCB416F67FD0F9A,"AI: Why hold this position on this issue?
Participant: it will put strain on our country
Participant: it will put strain on our country"
EA3BF576A5614949B50479DF85516924,NA
3CC8B9920D714FC380FB2F20811F1129,NA
98CEBB245CC64B34B95712FED358D4C0,"AI: What do you think about increasing tariffs or fees on goods imported from trading partners to the United States?
Participant: I think it is a terrible idea both for the american economy and diplomacy
AI: You've described the idea of increasing tariffs or fees on imported goods as terrible. Can you help me understand what potential impacts you foresee on the American economy or on diplomatic relationships?
Participant: increased prices for goods manufactured in canada/mexico/china and worsened foreign policy in those countries. 
AI: Could you explain to me a little more about how you believe increased tariffs could lead to worsened foreign policy with countries like Canada, Mexico, and China?
Participant: I think canada and mexico especially are unwilling to engage  in the IPE  with the united states when they cut them off from their largest market if that makes sense. i also think most countries understand this decission as fundamentally stupid and embarassing which damages the united states reputation in a global political context

Participant: I think it is a terrible idea both for the american economy and diplomacy
Participant: increased prices for goods manufactured in canada/mexico/china and worsened foreign policy in those countries. 
Participant: I think canada and mexico especially are unwilling to engage  in the IPE  with the united states when they cut them off from their largest market if that makes sense. i also think most countries understand this decission as fundamentally stupid and embarassing which damages the united states reputation in a global political context
"
4457626912044FCE92D7E610C1F0EE27,"AI: Why hold this position on this issue?
Participant: Economists has provided evidence that tariffs only lead to higher prices for the average American.

Participant: Economists has provided evidence that tariffs only lead to higher prices for the average American.
"
8AD70996DA284ECB828016DC41BD81FE,"AI: What do you think about increasing tariffs or fees on goods imported from trading partners to the United States?
Participant: Probably bad
AI: Thank you for sharing. Could you delve a bit further into why you think increasing tariffs or fees on imported goods might be bad? Do you have specific reasons or concerns that lead you to this viewpoint?
Participant: Sounds like the cost of things would increase. I'm not rich so I don't want that to happen
AI: I see, you're worried about potential increases in the cost of goods. Could I ask if you could elaborate a bit more about your opinion? How do you feel this might impact you, or others around you who are not rich?  Are there specific items or sectors where you're especially concerned about price increases?
Participant: It depends on what tariffs are increased. ""How it might impact me"" I'm poor so having to spend more would be bad
AI: I appreciate your honesty. In light of your concern about your financial situation, is there a particular type of good or product category where you're most concerned about potential tariff-related price increases? This could be things like groceries, electronics, clothing, etc.
Participant: All of the above. Not happy about any price increases
Participant: Probably bad
Participant: Sounds like the cost of things would increase. I'm not rich so I don't want that to happen
Participant: It depends on what tariffs are increased. ""How it might impact me"" I'm poor so having to spend more would be bad
Participant: All of the above. Not happy about any price increases"
5FA5C3EF9195444A832F0AE438613FE8,"AI: What do you think about increasing tariffs or fees on goods imported from trading partners to the United States?
Participant: If the powers in charge think it needs to be done then I am okay with it.
AI: I appreciate your response. It seems you place a good deal of trust in those making decisions. Can you share a bit more about why you feel this trust in the people setting these tariffs? What factors lead you to have this level of confidence in them?
Participant: They have more information than I do about the subject.
AI: You believe that those in positions of authority have greater access to important information. But, how do you feel about the direct impact increase in tariffs could have on consumers like you? Are you comfortable with potential price increases on goods you frequently purchase?
Participant: If it is for the greater good than I am okay with it.
Participant: If the powers in charge think it needs to be done then I am okay with it.
Participant: They have more information than I do about the subject.
Participant: If it is for the greater good than I am okay with it."
8B045A74597B47FCB5FFAE595C7422DB,"AI: Overall, do you think increasing tariffs or fees on goods imported from trading partners will be good or bad for the United States?
Participant: Somewhat bad
AI: Can you tell me more about why you believe increasing tariffs or fees on imported goods will be somewhat bad? What kind of impact do you see this having? How firm is your opinion on this? Do you think there could be certain situations where you might see increasing tariffs as potentially beneficial?
Participant: I see increasing tariffs as leading to a trade war and also increasing prices on many items for American consumers. So many of the things we buy are imported that we will certainly be facing markedly higher prices. And other countries will increase their tariffs, thus leading to a global trade war, which will be detrimental worldwide.
AI: I see. The ripple effects of price hikes and potential retaliatory measures from other countries factor into your perspective. Would you say you're mostly concerned with how tariffs might affect the everyday consumer and global trade dynamics? Would there be any reasons or scenarios where you think implementing tariffs could be a good thing, or are you quite firm in your position?
Participant: Tariffs might be a good thing for industries where the US is trying to rebuild and support the manufacturing of certain products, i.e., as a protective measure.
Participant: Somewhat bad
Participant: I see increasing tariffs as leading to a trade war and also increasing prices on many items for American consumers. So many of the things we buy are imported that we will certainly be facing markedly higher prices. And other countries will increase their tariffs, thus leading to a global trade war, which will be detrimental worldwide.
Participant: Tariffs might be a good thing for industries where the US is trying to rebuild and support the manufacturing of certain products, i.e., as a protective measure."
349F4F03C5DB44B988693C9BEEB72539,"AI: Why hold this position on this issue?
Participant: It will obviously benefit us
Participant: It will obviously benefit us"
CC86FDD343164393A4329032D5DC84A2,"AI: Why hold this position on this issue?
Participant: On one hand, this will force companies to either manufacture their products in the U.S., or leave entirely. On the other hand, this may raise costs for the consumers in the U.S.
Participant: On one hand, this will force companies to either manufacture their products in the U.S., or leave entirely. On the other hand, this may raise costs for the consumers in the U.S."
136A3BEC6C58484DA31737AC89208C35,"AI: Why hold this position on this issue?
Participant: Because it might be a little hard when it is time to sell.
Participant: Because it might be a little hard when it is time to sell."
3E989D35F5554D25BB0DC7E166E453BA,"AI: Overall, do you think increasing tariffs or fees on goods imported from trading partners will be good or bad for the United States?
Participant: Neither good nor bad
AI: Do you have specific reasons for why you think increasing tariffs or fees on imported goods has no significant impact on the United States? Are there certain benefits or drawbacks you're considering that make you say it's neither good nor bad?
Participant: not enough data to support either way
AI: I see, so more conclusive data could influence your perspective on the impact of tariffs. Have you had any personal experiences or observations that have informed your neutral stance on the issue, or is it mainly due to the lack of clear data available?
Participant: yes if they are implemented and work then great. if they do not then it was bad. hard to take a side yet.
AI: I understand that your position depends on observing the practical effects of these policies. Finally, do you think people generally overestimate, underestimate or accurately estimate the impact of tariffs on their daily lives?
Participant: people are mostly worried about themselves so i doubt the majority can even cares
Participant: Neither good nor bad
Participant: not enough data to support either way
Participant: yes if they are implemented and work then great. if they do not then it was bad. hard to take a side yet.
Participant: people are mostly worried about themselves so i doubt the majority can even cares"
0DCBC29D1AC6411DBCAFE6694D61D29A,"AI: What do you think about increasing tariffs or fees on goods imported from trading partners to the United States?
Participant: I think that many other countries already have some form of value added tax to imported goods. I'm actually surprised the US has never had anything similar to this.
AI: You've highlighted something very interesting about Value Added Tax (VAT) that other countries apply to imported goods. Could you expand on your understanding of VAT and how that relates to your view on tariffs? Do you think implementing something similar in the US could yield positive outcomes?
Participant: I think that is a possibility but I remain skeptical.
AI: Could you share a bit more about why you're skeptical? Are there certain potential outcomes or consequences you are concerned about? Also, how would you define ""positive outcomes"" in this context?
Participant: Positive outcomes would be the American economy improving and more goods and products being produced domestically. I'm skeptical because I doubt that any serious resurgence of production will happen.
AI: I see. You've mentioned both improvements in the American economy and domestic production as positive outcomes. Could you explain what indicators you would look for to determine an improvement in the American economy? Additionally, what factors lead you to doubt a resurgence of domestic production in response to increased tariffs or fees on imported goods?
Participant: Middle class workers being able to afford buy a home and start a family would be a good indicator. I doubt domestic production will increase much because presidents often makes campaign promises they have no intention of keeping
Participant: I think that many other countries already have some form of value added tax to imported goods. I'm actually surprised the US has never had anything similar to this.
Participant: I think that is a possibility but I remain skeptical.
Participant: Positive outcomes would be the American economy improving and more goods and products being produced domestically. I'm skeptical because I doubt that any serious resurgence of production will happen.
Participant: Middle class workers being able to afford buy a home and start a family would be a good indicator. I doubt domestic production will increase much because presidents often makes campaign promises they have no intention of keeping"
88CC2CF6EEFB4E908819CB55B5641E09,"AI: Why hold this position on this issue?
Participant: I wish there was a not sure option for this question.  I think in the long run it might help jobs. Struggling Americans will not be able to afford many products however that were affordable before if hefty tariffs are applied.
Participant: I wish there was a not sure option for this question.  I think in the long run it might help jobs. Struggling Americans will not be able to afford many products however that were affordable before if hefty tariffs are applied."
EE9B38714AF74CA497253299B50A2CED,"AI: What do you think about increasing tariffs or fees on goods imported from trading partners to the United States?
Participant: don't agree it would raise prices here
AI: Interesting perspective. Could you delve a bit deeper into your reasons for holding this opinion? Specifically, could you explain why you believe increasing tariffs or fees would ultimately result in raised prices domestically?
Participant: countries would have to raise prices to make up for their losses from tarrifs
AI: That's a valid point. So, you're saying the additional costs from tariffs would be transferred to consumers in the form of higher prices, correct? Can you share any examples or instances where you've seen or read about this happening and impacting the economy or people's lives?
Participant: I've read about Canada. they already said they would raise  prices on lumber
AI: Thanks for that information. It seems like you're referring to a cause and effect relationship between increasing tariffs and price hike in goods, using the Canada lumber situation as an example. What kind of impact do you believe such a price hike will have on the average consumer? Also, do you think there could be any benefits to increasing tariffs, perhaps from an economic or policy perspective?
Participant: it would cost more for home improvements and home building. no benefits
Participant: don't agree it would raise prices here
Participant: countries would have to raise prices to make up for their losses from tarrifs
Participant: I've read about Canada. they already said they would raise  prices on lumber
Participant: it would cost more for home improvements and home building. no benefits"
3C1DAFCA41AD461D911288FC7BFB8072,"AI: Why hold this position on this issue?
Participant: Because it will help boost the economy by increasing the demand for locally produced goods
Participant: Because it will help boost the economy by increasing the demand for locally produced goods"
74D01838F35C46D28BA99477505F39FB,"AI: Overall, do you think increasing tariffs or fees on goods imported from trading partners will be good or bad for the United States?
Participant: Somewhat good
AI: Thank you for your response. Could you expand on why you think increasing tariffs or fees on imported goods might be somewhat good for the United States? Are there specific benefits or potential outcomes that inform your opinion?
Participant: I feel the U.S. needs to become more self-sustaining. In doing so, we need to resurrect making many of the things again, inside the U.S., that we have been importing for pennies on the dollar. We depend waaaaayyyyy too much on other countries for our survival. That is NOT good.
AI: That's a compelling perspective, thank you for sharing. Would it be applicable to think that your view on increasing tariffs is also tied to job creation within the U.S.? Or perhaps you have concerns around supply chain vulnerabilities? Could you elaborate a bit more?
Participant: Well, we (U.S. population) may have to experience some pain in the process of reverting back to self-sustainability. We have depended on cheap goods (imported) for far too many years. We get what we deserve.
Participant: Somewhat good
Participant: I feel the U.S. needs to become more self-sustaining. In doing so, we need to resurrect making many of the things again, inside the U.S., that we have been importing for pennies on the dollar. We depend waaaaayyyyy too much on other countries for our survival. That is NOT good.
Participant: Well, we (U.S. population) may have to experience some pain in the process of reverting back to self-sustainability. We have depended on cheap goods (imported) for far too many years. We get what we deserve."
73584872E18843BEAA2F972123799142,"AI: What do you think about increasing tariffs or fees on goods imported from trading partners to the United States?
Participant: love it
AI: Thank you for your response. Could you provide some specific reasons why you support the increase of tariffs and fees on goods imported from trading partners? What do you think the benefits of this policy would be?
Participant: its not a bad thing it just brings manufacturing back to america.  the problem everyone is having is their belief things will cost most. The real problem is manufacturing might actually have to increase their pay
AI: I can see you have strong views on this issue. You mentioned potentially higher manufacturing wages as a positive aspect. Can you tell me more about this? And also, do you think there might be any downsides or potential challenges with increasing tariffs?
Participant: If manufacturing wants employees they can't pay slave wages and nope don't see a downside
Participant: love it
Participant: its not a bad thing it just brings manufacturing back to america.  the problem everyone is having is their belief things will cost most. The real problem is manufacturing might actually have to increase their pay
Participant: If manufacturing wants employees they can't pay slave wages and nope don't see a downside"
511B70262A774CBB8EED25198B942707,NA
086106E84E2C4265955A36F4A9A6FB0F,"AI: Overall, do you think increasing tariffs or fees on goods imported from trading partners will be good or bad for the United States?
Participant: Somewhat bad
AI: Interesting. Can you share more about why you think it's somewhat bad to increase tariffs or fees on goods imported from trading partners? What effects do you foresee on the U.S. if such a policy is implemented?
Participant: It'll only help if we manufactured most of our goods. But we currently largely rely on imported goods
AI: Understood. You're pointing to our dependency on imported goods as a potential issue if tariffs are increased. Do you feel that this could lead to increased prices for consumers or have other economic implications? And do you think there might be any potential benefits to increasing tariffs?
Participant: Definitely increased prices which will harm consumers and might lead to inflation. It might spur on domestic manufacturing, but there is little chance of that as manufacturing in the US is way more expensive than manufacturing internationally.
Participant: Somewhat bad
Participant: It'll only help if we manufactured most of our goods. But we currently largely rely on imported goods
Participant: Definitely increased prices which will harm consumers and might lead to inflation. It might spur on domestic manufacturing, but there is little chance of that as manufacturing in the US is way more expensive than manufacturing internationally."
3C8DF8A9F8854276B96F5C6FA0454578,NA
FABCC210FAA54755B57865C1614BE16D,"AI: What do you think about increasing tariffs or fees on goods imported from trading partners to the United States?
Participant: I believe this is a very bad idea that will only make life more financially difficult for the majority of Americans.
AI: You've mentioned that you believe increasing tariffs on imported goods would make life financially harder for many Americans. Can you elaborate on why you think this would be the case?
Participant: The importer pays the tariff, not the exporter. The cost of the tariffs will be paid by the American consumer.
AI: That's a clear point you're making. On society’s economic structure, how do you see these increased costs affecting consumer behavior or the economy in general?
Participant: I think the purchase of non-essential items will decline and people will struggle to pay for groceries. I also think companies will lay off workers to cut the rising costs associated with the tariffs.
AI: Thank you for the insight. I'd like to probe a bit further. Do you see any potential positive outcomes that could arise from these tariffs, or do you believe the negatives entirely outweigh any possible benefits?
Participant: The negative outweigh any possible benefits. In addition to the financial burden to the American consumer, tariffs will also damage our relationships with Mexico and Canada. They are our neighbors and friends. 
AI: I see. Thank you for expanding on your viewpoint. Taking into account your thoughts and feelings, if a counter-argument were to propose that increasing tariffs would promote domestic manufacturing and job creation, would that change your view? Or would you still hold firm in your belief that the negatives outweigh the benefits?
Participant: The US is years away from being able to manufacture domestically. I also believe domestic manufacturing will raise the cost of items because the pay for workers will be higher. Tariffs are a ridiculous idea.
Participant: I believe this is a very bad idea that will only make life more financially difficult for the majority of Americans.
Participant: The importer pays the tariff, not the exporter. The cost of the tariffs will be paid by the American consumer.
Participant: I think the purchase of non-essential items will decline and people will struggle to pay for groceries. I also think companies will lay off workers to cut the rising costs associated with the tariffs.
Participant: The negative outweigh any possible benefits. In addition to the financial burden to the American consumer, tariffs will also damage our relationships with Mexico and Canada. They are our neighbors and friends. 
Participant: The US is years away from being able to manufacture domestically. I also believe domestic manufacturing will raise the cost of items because the pay for workers will be higher. Tariffs are a ridiculous idea."
600F030B71AC49A8BA01FA78090204A8,"AI: What do you think about increasing tariffs or fees on goods imported from trading partners to the United States?
Participant: I'm strongly against this. It hurts our economy and only increases enmity between our trade partners.
AI: Could you elaborate more on how you think increased tariffs impact the economy negatively? Also, can you share your thoughts on how these tariffs might instigate enmity between trading partners?
Participant: Increased tariffs increases the cost of basic goods since many of our products are made outside of our country such as in China. This would hurt the average American at a time when our economy is struggling. This would only aggravate and worsen the problem.
AI: Thank you for your clarification. Might there be any circumstances where you would feel that increasing tariffs could be beneficial? For example, could they possibly encourage local production and thereby create jobs?
Participant: It's a nice thought but I doubt it would be helpful. We need to transition to more locally produced goods in a smooth and slow way that causes the least amount of harm to our already fragile economy.
Participant: I'm strongly against this. It hurts our economy and only increases enmity between our trade partners.
Participant: Increased tariffs increases the cost of basic goods since many of our products are made outside of our country such as in China. This would hurt the average American at a time when our economy is struggling. This would only aggravate and worsen the problem.
Participant: It's a nice thought but I doubt it would be helpful. We need to transition to more locally produced goods in a smooth and slow way that causes the least amount of harm to our already fragile economy."
552D8E85DE8D47AEA694C39CC7B02049,"AI: Overall, do you think increasing tariffs or fees on goods imported from trading partners will be good or bad for the United States?
Participant: Bad
AI: Could you elaborate on why you believe that increasing tariffs or fees on imported goods from trading partners could be detrimental to the United States? Are there any specific consequences or outcomes that you're particularly concerned about?
Participant: As far I am aware, increasing tariffs raises the prices of these products for consumers more than anyone else in the production chain. When we don't have the means to create things on our home soil, it further exacerbates the cost of living crisis and the economy.
AI: Thank you for explaining your view. Can you clarify what you mean by the cost of living crisis? And, how do you think increased tariffs might influence this situation?
Participant: Wage growth has not kept up with price increases across the board since the COVID pandemic, so the average American is struggling. Grocery prices are massively inflated, gas prices have remained consistently high, rent prices have become untenable for the average person, and people are continuously being nickle and dimed by subscription services.

When you consider the number of tech products that are imported from other countries, the end-stage recipient --- the consumer, which is your average American --- is going to have to pay even more than usual on top of the already unhealthy costs. This also applies to things like vegetables and fruits that we import from other countries.
AI: Thank you for expanding on the implications of an increased cost of living. Lastly, how strongly do you hold these views? Would you consider counter-arguments, such as the potential for tariffs to protect domestic industries or jobs? Or are you firmly set in your view?
Participant: I'm pretty firmly set in my views, but I do respect the inherent desire to protect the United States' job market and economy. I just feel like this will have ramifications that impact the average citizen far more than it hurts other countries.
Participant: Bad
Participant: As far I am aware, increasing tariffs raises the prices of these products for consumers more than anyone else in the production chain. When we don't have the means to create things on our home soil, it further exacerbates the cost of living crisis and the economy.
Participant: Wage growth has not kept up with price increases across the board since the COVID pandemic, so the average American is struggling. Grocery prices are massively inflated, gas prices have remained consistently high, rent prices have become untenable for the average person, and people are continuously being nickle and dimed by subscription services.

When you consider the number of tech products that are imported from other countries, the end-stage recipient --- the consumer, which is your average American --- is going to have to pay even more than usual on top of the already unhealthy costs. This also applies to things like vegetables and fruits that we import from other countries.
Participant: I'm pretty firmly set in my views, but I do respect the inherent desire to protect the United States' job market and economy. I just feel like this will have ramifications that impact the average citizen far more than it hurts other countries."
BC8AA91A1A0D4CFE82ECC7F609FEE325,"AI: Overall, do you think increasing tariffs or fees on goods imported from trading partners will be good or bad for the United States?
Participant: Somewhat bad
AI: Thank you for your opinion. Can you share some specific reasons why you believe increasing tariffs or fees on imported goods would be somewhat bad for the United States?
Participant: Consumers take the on the costs of tariffs
AI: Indeed, consumers often bear the cost of tariffs through elevated prices. Are there any other reasons or potential effects on the economy that make you lean towards this perspective?
Participant: Discourage  cooperation amongst trade partners.
AI: That's a valid point. Trade relationships could be strained with increased tariffs and fees. Do you believe there are any situations where implementing such a policy could be beneficial, or do you mainly see it as negative?
Participant: Where its necessary to protect a certain industry

Participant: Somewhat bad
Participant: Consumers take the on the costs of tariffs
Participant: Discourage  cooperation amongst trade partners.
Participant: Where its necessary to protect a certain industry
"
036BF3ACCB0D49F19A56F0D1A9978A65,"AI: Why hold this position on this issue?
Participant: That's business, and most governments if not all are businesses first.
Participant: That's business, and most governments if not all are businesses first."
D60649D0BABC4CEC93AEB13B51FDB87C,NA
CDD3F30A7D104A768EA9E1ADFCAD0782,"AI: What do you think about increasing tariffs or fees on goods imported from trading partners to the United States?
Participant: Raising taxes on imported goods can help local businesses by encouraging people to buy homegrown products, which might improve the economy. But it could also make things cost more for shoppers and harm ties with trade partners. It’s important to find a balance so that these actions don’t hurt overall trade and economic progress.
AI: Thank you for sharing your viewpoint. Can you please elaborate on how you see raising tariffs benefiting local businesses? Do you think this could lead to certain industries experiencing more growth than others or it might impact all sectors evenly?
Participant: Increasing tariffs can help local businesses by making imported goods pricier, encouraging people to buy home-grown products. This might boost fields like manufacturing and farming as they compete better in the market. However, not all areas will gain equally; those needing a lot of raw materials from abroad might struggle. In the long run, this situation could drive new ideas and investments into producing locally. The overall effects will differ across industries based on their need for imports and what consumers prefer.
AI: Your comments highlight a nuanced perspective. Can we delve deeper into the other side of the issue that you mentioned? Specifically, you brought up the potential downside that raising tariffs might make things cost more for consumers. Could you explain a bit more about how you think such a policy could affect ordinary people's everyday life? Do you foresee a significant impact or is this a minor concern for you?
Participant: Increasing tariffs can cause prices of everyday items to go up, which makes it harder for people to buy what they need. This rise in living costs might hit low- and middle-income families the hardest, possibly causing financial stress for many regular individuals.
AI: Now that you have given this some thought, where do you stand overall on the proposal to increase tariffs or fees on imported goods? Do you lean more towards favoring it or opposing it overall?
Participant: I am mostly against raising tariffs on imported goods because it could make things more expensive for low- and middle-income families. Supporting local businesses is important, but making everyday items less affordable isn't a good trade-off.
Participant: Raising taxes on imported goods can help local businesses by encouraging people to buy homegrown products, which might improve the economy. But it could also make things cost more for shoppers and harm ties with trade partners. It’s important to find a balance so that these actions don’t hurt overall trade and economic progress.
Participant: Increasing tariffs can help local businesses by making imported goods pricier, encouraging people to buy home-grown products. This might boost fields like manufacturing and farming as they compete better in the market. However, not all areas will gain equally; those needing a lot of raw materials from abroad might struggle. In the long run, this situation could drive new ideas and investments into producing locally. The overall effects will differ across industries based on their need for imports and what consumers prefer.
Participant: Increasing tariffs can cause prices of everyday items to go up, which makes it harder for people to buy what they need. This rise in living costs might hit low- and middle-income families the hardest, possibly causing financial stress for many regular individuals.
Participant: I am mostly against raising tariffs on imported goods because it could make things more expensive for low- and middle-income families. Supporting local businesses is important, but making everyday items less affordable isn't a good trade-off."
ED47543A709C4CEB897320957C3B3667,"AI: What do you think about increasing tariffs or fees on goods imported from trading partners to the United States?
Participant: I think it can help generate revenue, but I also believe that it can negatively affect consumers since prices of products will skyrocket and businesses will suffer because of less products being bought.
AI: Thanks for your insight. Could you clarify how the increased cost to consumers and potential negative effects on businesses shape your view specifically on the policy of increasing tariffs? Also, how strong is this opinion, and are you open to perspectives that might shift your stance?
Participant: When tariffs are imposed on imported goods, the cost of these goods typically rises. Retailers and distributors often pass these increased costs on to consumers, leading to higher prices for everyday items, from electronics to clothing to food. My opinion is strong on this stance, but I am open to different perspectives.
AI: You've mentioned about negative effects on the consumer end. But could you also elaborate on how businesses might be impacted by the increase in tariffs? And in the likelihood of businesses suffering, how do you anticipate they might respond or adapt?
Participant: Businesses impacted by increased tariffs face higher costs for imported raw materials and components, which can lead to reduced profit margins and higher prices for consumers. If export markets are affected by retaliatory tariffs, companies might also refocus efforts on domestic markets to sustain growth.
Participant: I think it can help generate revenue, but I also believe that it can negatively affect consumers since prices of products will skyrocket and businesses will suffer because of less products being bought.
Participant: When tariffs are imposed on imported goods, the cost of these goods typically rises. Retailers and distributors often pass these increased costs on to consumers, leading to higher prices for everyday items, from electronics to clothing to food. My opinion is strong on this stance, but I am open to different perspectives.
Participant: Businesses impacted by increased tariffs face higher costs for imported raw materials and components, which can lead to reduced profit margins and higher prices for consumers. If export markets are affected by retaliatory tariffs, companies might also refocus efforts on domestic markets to sustain growth."
B9F9A536C6F8471CB039A6F4157D0540,NA
1E52E947E07B491E80B0F5ACDA1E25BC,"AI: Overall, do you think increasing tariffs or fees on goods imported from trading partners will be good or bad for the United States?
Participant: Bad
AI: I see, you believe that increasing tariffs or fees on imported goods could be detrimental. Could you help me understand why you feel this way? What specific consequences do you foresee from such a policy?
Participant: Cause prices of goods would simply increase 
AI: That's a valid point. Increased tariffs can indeed lead to increased costs for goods. Would you mind elaborating on how you think this impact might extend to the general living conditions or economy? What kind of effects do you foresee on consumers or businesses?
Participant: I mean rise in prices of good would definitely affect the economy, cause for struggling citizen, imagination increases of prices of basic things like food and other goods.
Participant: Bad
Participant: Cause prices of goods would simply increase 
Participant: I mean rise in prices of good would definitely affect the economy, cause for struggling citizen, imagination increases of prices of basic things like food and other goods."
7E8919FB60CA4DB58FB6E4AC6D785690,"AI: What do you think about increasing tariffs or fees on goods imported from trading partners to the United States?
Participant: I have no knowledge of this.
AI: That's okay. Perhaps we can consider it from a consumer perspective. Do you imagine these increased tariffs or fees might have an impact on the prices of goods you commonly purchase? How would you feel about potential price increases?
Participant: I believe it would lead to a sharp hike in the price of goods.
AI: Thank you for sharing your opinion. Now, considering that viewpoint, do you think the potential rise in the price of goods could impact your buying habits or your standard of living? Can you explain how?
Participant: Higher price of goods would lead to inflation, thus destabilizing the economy. 
AI: I understand your concern about potential disruptions to the economy. Have you considered any potential positive aspects of this policy like potentially helping domestic businesses or balancing trade deficits?
Participant: No I have not

Participant: I have no knowledge of this.
Participant: I believe it would lead to a sharp hike in the price of goods.
Participant: Higher price of goods would lead to inflation, thus destabilizing the economy. 
Participant: No I have not
"
512FED05A72842BF9658B966FBD7F076,"AI: Why hold this position on this issue?
Participant: Increasing the tariff will serve as a form of income to the government thereby building the economy in order to make it stronger.
Participant: Increasing the tariff will serve as a form of income to the government thereby building the economy in order to make it stronger."
F4C3D8BD26EE4E50B32DE67378835B17,"AI: Why hold this position on this issue?
Participant: Because prices of goods will skyrocket if that happens
Participant: Because prices of goods will skyrocket if that happens"
AC0B2FC9F3FE4AE9879FBCD510529368,"AI: What do you think about increasing tariffs or fees on goods imported from trading partners to the United States?
Participant: I think its an interesting idea and could help push manufactures build factories in America which could lead to more jobs. 
AI: You've said you find the idea of increasing tariffs interesting because it might encourage manufacturers to build more factories in America, thereby potentially creating jobs. Can you elaborate on how you see this playing out? For instance, do you believe that American consumers may have to bear increased costs as a result?
Participant: In some cases yes consumers would have to bear increased cost but if companies build factories in America so that products are made here then companies could bypass these tariffs.

AI: I appreciate your insight. It sounds like you believe that while tariffs might lead to some increase in costs for consumers, overall, they could promote domestic production, which can be beneficial for the economy. Would you mind expanding on this idea a bit more? Additionally, are there any scenarios you can think of where tariffs might not have the desired effect?
Participant: I believe overall this could help improve the economy and it has an America first mentalliy that has been forgotten. People in america need more jobs. Only scenarios i can  think oof where tariffs might not be the best is for things that arent able to be produced or grown in America like exotic fruit which would cause prices to increase.
Participant: I think its an interesting idea and could help push manufactures build factories in America which could lead to more jobs. 
Participant: In some cases yes consumers would have to bear increased cost but if companies build factories in America so that products are made here then companies could bypass these tariffs.

Participant: I believe overall this could help improve the economy and it has an America first mentalliy that has been forgotten. People in america need more jobs. Only scenarios i can  think oof where tariffs might not be the best is for things that arent able to be produced or grown in America like exotic fruit which would cause prices to increase."
79A6CA4A11904E1A92F92385D609E206,NA
E94A66C6A7914F128168AE1A7A6D14B0,"AI: What do you think about increasing tariffs or fees on goods imported from trading partners to the United States?
Participant: This goes two ways. Why I may support the increase in tariffs and fees of imported products to encourage local production of goods, as a way to protect American jobs and help level the playing field for domestic producers thereby pushing Americans to buy American-made products, it could also have a negative impact on the prices of goods and services pending time the domestic production comes to play.
AI: Thank you for sharing your perspective. You've mentioned both potential benefits and drawbacks to this policy. Could you share more on why you think this policy could lead to an increase in domestic production and how it might protect American jobs? Also, could you elaborate on your concerns about the impact on the prices of goods and services?
Participant: An increase in tariffs and fees of imported products will defintely lead to an increase in the prices of imported products there by forcing consumers to source for cheaper alternative. If there is a domestic production for the said product, it will ultimately increase in demand which will also lead to an increased production by the domestic producer.
AI: You've given a clear point about increased tariffs boosting demand for domestic products. Could you tell me more about how you think this increased demand might influence job creation in America? Furthermore, how would this affect the average American consumer in terms of the rates they are paying for goods and services?
Participant: This is expected to increase Job Creation in America as this move will lead to the establishment and development of many industries in America as the demands for domestic products have risen. More industry development equals more job roles openings. Since the goods will be produced internally, the possibility for a decrease in the cost of foods and products is expected, leaving the average American with more money thereby increasing their purchasing power.
Participant: This goes two ways. Why I may support the increase in tariffs and fees of imported products to encourage local production of goods, as a way to protect American jobs and help level the playing field for domestic producers thereby pushing Americans to buy American-made products, it could also have a negative impact on the prices of goods and services pending time the domestic production comes to play.
Participant: An increase in tariffs and fees of imported products will defintely lead to an increase in the prices of imported products there by forcing consumers to source for cheaper alternative. If there is a domestic production for the said product, it will ultimately increase in demand which will also lead to an increased production by the domestic producer.
Participant: This is expected to increase Job Creation in America as this move will lead to the establishment and development of many industries in America as the demands for domestic products have risen. More industry development equals more job roles openings. Since the goods will be produced internally, the possibility for a decrease in the cost of foods and products is expected, leaving the average American with more money thereby increasing their purchasing power."
76A6A31DA16F423A8B9D9D63791511B2,"AI: What do you think about increasing tariffs or fees on goods imported from trading partners to the United States?
Participant: I think it's dumb and will lead to more inflation
AI: Thank you for sharing your perspective. Could you explain further why you believe that increasing tariffs could lead to more inflation? Additionally, could you share how you might feel considering any potential counters to your viewpoint, say the argument that tariffs protect local industries from foreign competition?
Participant: I am open to hearing other arguments but I fail to see how consumers won't be stuck with the bill here. It's not as if the US can suddenly manufacture everything it needs, so the things from overseas will still be bought, people will just have to pay more for them, worsening inflation and the cost of living crisis
AI: I see your point. Now, considering the potential positive impact on local industries, could you share your thoughts on the trade-off between higher prices for consumers and the potential for increased domestic production and job creation? Also, how do you feel about the possibility of encouraging the reshoring of manufacturing to the US by imposing these tariffs?
Participant: I think it's possible to reshore some things but not all--you can't make an iphone as cheaply as it is now in the US vs China, and they are already really pricey. Some jobs might be saved but we already went through this tariff stuff before adn its' not like jobs all came back
AI: Thank you for elaborating on that point. Could you help me understand your sentiments towards lost jobs not returning despite previous tariffs enacted? Also, do you believe there are specific sectors that might benefit more from tariff policies? Or do you lean more towards the concept that overall, the negatives would outweigh any potential benefits?
Participant: Trump tried this in his first term--if it had worked then all these jobs would already be here and there wouldn't be a need to import things anyway, right? Some sectors might certainly benefit but the average american will pay more for many goods
Participant: I think it's dumb and will lead to more inflation
Participant: I am open to hearing other arguments but I fail to see how consumers won't be stuck with the bill here. It's not as if the US can suddenly manufacture everything it needs, so the things from overseas will still be bought, people will just have to pay more for them, worsening inflation and the cost of living crisis
Participant: I think it's possible to reshore some things but not all--you can't make an iphone as cheaply as it is now in the US vs China, and they are already really pricey. Some jobs might be saved but we already went through this tariff stuff before adn its' not like jobs all came back
Participant: Trump tried this in his first term--if it had worked then all these jobs would already be here and there wouldn't be a need to import things anyway, right? Some sectors might certainly benefit but the average american will pay more for many goods"
443E43322EA448C2B67E1C6624B20557,"AI: What do you think about increasing tariffs or fees on goods imported from trading partners to the United States?
Participant: I believe increasing fees on imported goods can have significant positive impact on economic and political implications 
AI: Interesting, could you elaborate more on the specifics of the positive impacts, both economic and political, you believe could come out of increasing fees on imported goods?
Participant: Positive impacts of increasing fees on imported goods on economic and political  level could be To help struggling U.S. industries from foreign competition, encourage domestic consumption of U.S.-produced goods and lastly  fees can make companies invest in domestic production fostering economic growth and innovation.
AI: Thank you for that detailed response. Going back to encouraging U.S.-produced goods, could you elaborate more on how this policy could facilitate increased domestic consumption and what kind of benefits that might reap in terms of bolstering the domestic economy?
Participant: Benefits that might reap in terms of  bolstering the domestic economy a few are Price struggles: fees can make imported goods more expensive leading people to consume domestic goods more, Focusing on domestic manufacturing will expand availability of domestic goods and Many U.S. manufacturing can  focus on high standards products
AI: Thank you for these insights. Can you expand on the point about U.S. manufacturers focusing on high standards products? What implications might this have for the broader economy and how might consumers react?
Participant: High quality goods creates a reputation of durability and reliability in the global market, maintaining high standard goods creates opportunities for skilled Laborer and Producing goods to high standards often requires working with local supply chains. This will create growth across multiple industries
Participant: I believe increasing fees on imported goods can have significant positive impact on economic and political implications 
Participant: Positive impacts of increasing fees on imported goods on economic and political  level could be To help struggling U.S. industries from foreign competition, encourage domestic consumption of U.S.-produced goods and lastly  fees can make companies invest in domestic production fostering economic growth and innovation.
Participant: Benefits that might reap in terms of  bolstering the domestic economy a few are Price struggles: fees can make imported goods more expensive leading people to consume domestic goods more, Focusing on domestic manufacturing will expand availability of domestic goods and Many U.S. manufacturing can  focus on high standards products
Participant: High quality goods creates a reputation of durability and reliability in the global market, maintaining high standard goods creates opportunities for skilled Laborer and Producing goods to high standards often requires working with local supply chains. This will create growth across multiple industries"
3183EA1AC35E42A9BB3EADF09AF3F1DA,"AI: Why hold this position on this issue?
Participant: Tariffs typically raise the cost of imported goods, increasing expenses for consumers and businesses and contributing to inflation. They can also prompt other countries to impose retaliatory tariffs, hurting U.S. exports and damaging trade relationships.
Participant: Tariffs typically raise the cost of imported goods, increasing expenses for consumers and businesses and contributing to inflation. They can also prompt other countries to impose retaliatory tariffs, hurting U.S. exports and damaging trade relationships."
8629D06659DE40C28BECB6CC28781A86,NA
52BBC21EB4614695A11373F275909276,NA
64924D1F721448F4A278EFAA43A40395,NA
C9C2C4391D4D4B5787A3DDC5ED3D312E,NA
467535A5E255478A97460136960AE30C,"AI: Why hold this position on this issue?
Participant: Who is paying the tariffs? It is the consumer in the end. Plus, there might retaliatory tariffs
Participant: Who is paying the tariffs? It is the consumer in the end. Plus, there might retaliatory tariffs"
59B346EE669B44EEA1AEA27946F3C47E,NA
748FE2551ED942D4BA46891A52981FB5,"AI: Why hold this position on this issue?
Participant: The cost will get passed on to the consumer and prices will rise. 

Participant: The cost will get passed on to the consumer and prices will rise. 
"
08765D710BA843938AFA7F1C228BED11,"AI: Why hold this position on this issue?
Participant: It may make people more likely to buy things made in the USA
Participant: It may make people more likely to buy things made in the USA"
2B3943EC166B4B9FACB9395A2CB44137,"AI: What do you think about increasing tariffs or fees on goods imported from trading partners to the United States?
Participant: I think its a bad idea
AI: Thank you for sharing your thoughts. It would be helpful if you could expand on why you think increasing tariffs or fees on imported goods is a bad idea. What specific concerns or issues do you have in mind that lead you to hold this opinion?
Participant: The tariff costs will just be passed onto the consumer
AI: Thank you for providing your point of view. To further clarify, could you please elaborate on why you think the increased tariff costs will be passed onto the consumer? Are there specific examples or experiences that have led you to this conclusion?
Participant: that is how tariffs have worked in the past
AI: You mentioned about the past instances. Could you share an example or incident from the past that demonstrates how the cost of tariffs was directly passed onto consumers? This will help me understand your perspective better.
Participant: the tarrifs on China in the past 10 years increased costs of goods
Participant: I think its a bad idea
Participant: The tariff costs will just be passed onto the consumer
Participant: that is how tariffs have worked in the past
Participant: the tarrifs on China in the past 10 years increased costs of goods"
BF49E6D1FF984FA08353DAA116252E24,"AI: Why hold this position on this issue?
Participant: Businesses in America already try to price gouge for low quality goods, I can see them charging the American people a ridiculous amount of money for good or lowering the quality of the goods they provide (will most likely lower the quality and raise the price)
Participant: Businesses in America already try to price gouge for low quality goods, I can see them charging the American people a ridiculous amount of money for good or lowering the quality of the goods they provide (will most likely lower the quality and raise the price)"
2B0AA702E1874A57BCEFD5BD3F874774,"AI: What do you think about increasing tariffs or fees on goods imported from trading partners to the United States?
Participant: I think it will drive our prices up
AI: You mentioned that increasing tariffs on imported goods could lead to a rise in prices. Could you elaborate further on your thoughts about how this policy might impact consumers, and perhaps the economy as a whole?
Participant: Especially living in california, we get a lot of our goods from Mexico. If the tariff is increasing, all of our prices for things here are going to increase.
AI: Thank you for your detailed response. It seems like you see a direct correlation between higher tariffs and increased consumer prices. If the policy were to proceed, do you think there might be potential benefits, or do you only envisage negatives arising from it?
Participant: Negatives
Participant: I think it will drive our prices up
Participant: Especially living in california, we get a lot of our goods from Mexico. If the tariff is increasing, all of our prices for things here are going to increase.
Participant: Negatives"
40D9093DEF654A2BAB0F478B4D929E28,"AI: What do you think about increasing tariffs or fees on goods imported from trading partners to the United States?
Participant: I’m ok with this.
AI: That's interesting! Can you explain why you think increasing tariffs or fees on imported goods is something you support? What benefits or potential implications do you foresee from this action?
Participant: We need to give USA products an advantage.
AI: I see, you believe it could promote domestic industry. How strongly do you feel about this? Are there any counter-arguments or potential drawbacks that could make you reconsider your stance?
Participant: Prices could increase
AI: Indeed, increased tariffs can potentially lead to higher prices for imported goods. Despite acknowledging this drawback, do you still believe the boost to domestic industry is worth the potential price hikes? What makes you hold this view?
Participant: Yes. It’s an investment in our country.
Participant: I’m ok with this.
Participant: We need to give USA products an advantage.
Participant: Prices could increase
Participant: Yes. It’s an investment in our country."
B153F62E30BB4195A0BF0F952035886F,"AI: What do you think about increasing tariffs or fees on goods imported from trading partners to the United States?
Participant: i think its ridiculous and will ultimately cost the consumer more
AI: Thank you for sharing your opinion. Could you expand on your thoughts about why you believe increased tariffs or fees would lead to higher costs for consumers?
Participant: because in order to create a profit for the companies they are going to increase the prices on those products that are shipped from other places. That cost will affect consumers directly
AI: I see. Can you explain further how the direct cost on consumers might affect them beyond just higher prices? For example, could there be certain populations or regions that would be more affected than others?
Participant: that I am unaware of so I cannot answer
AI: That's understandable. Do you believe there could be any potential benefits of increasing tariffs or fees on imports, or do you think this policy would mostly lead to drawbacks?
Participant: I do not see any benefits yet
Participant: i think its ridiculous and will ultimately cost the consumer more
Participant: because in order to create a profit for the companies they are going to increase the prices on those products that are shipped from other places. That cost will affect consumers directly
Participant: that I am unaware of so I cannot answer
Participant: I do not see any benefits yet"
F9CF7F6F777F499A9D99B9C3DDCE735A,"AI: Why hold this position on this issue?
Participant: IT WILL BE GOOD FOR THE ECONOMY  EVEN IF PRICES RISE HERE PRICES WILL RISE IN THOSE OTHER COUNTRIES TOO PEOPLE FORGET ABOUT THAT PART
Participant: IT WILL BE GOOD FOR THE ECONOMY  EVEN IF PRICES RISE HERE PRICES WILL RISE IN THOSE OTHER COUNTRIES TOO PEOPLE FORGET ABOUT THAT PART"
EB70035255CB49968B6229E61F8F4B29,NA
32067BD00F90457D999F9F702C457E00,NA
613B580C07A84D71B6651F80429494CB,NA
3E2F00D3017A4E02B4E44E244CA4B06D,"AI: Why hold this position on this issue?
Participant: I do not have an opinion.
Participant: I do not have an opinion."
27A66E5B9E9E4B5E92B4F988BF574E42,"AI: What do you think about increasing tariffs or fees on goods imported from trading partners to the United States?
Participant: It will drive industries back into the united states
AI: You mentioned that you believe increasing tariffs or fees on imported goods would encourage industries to move back to the United States. Could you expand a bit more on why you believe this would be the case? Specifically, are there certain types of industries or specific examples you're thinking of?
Participant: Manufacturing, Auto, Green Energy
AI: Thank you for your response. You've mentioned manufacturing, auto, and green energy industries specifically. Can you share why you believe these industries, in particular, would be most likely to be driven back to the United States as a result of increased tariffs or fees on imported goods?
Participant: Because they are the most outsourced to other countries
AI: I see, you believe that these industries are the ones most outsourced and therefore stand to benefit the most from increased import tariffs. 
Just to assess the strength of your opinion, would you still stand by this viewpoint if there were strong indications that increased tariffs might lead to trade wars, or increased costs passed on to consumers? Would such considerations sway your stance in any way?
Participant: I think we need to have trade wars or we will continue to be taken advantage of
Participant: It will drive industries back into the united states
Participant: Manufacturing, Auto, Green Energy
Participant: Because they are the most outsourced to other countries
Just to assess the strength of your opinion, would you still stand by this viewpoint if there were strong indications that increased tariffs might lead to trade wars, or increased costs passed on to consumers? Would such considerations sway your stance in any way?
Participant: I think we need to have trade wars or we will continue to be taken advantage of"
AB763F04B4154833949E3C4F2DE0400F,NA
5A5F0E6087A24BD29E3AEDAE1636F964,"AI: Overall, do you think increasing tariffs or fees on goods imported from trading partners will be good or bad for the United States?
Participant: Bad
AI: Thank you for your response. Can you please elaborate on why you see increasing tariffs or fees on imported goods as bad for the United States?
Participant: it will be bad because the prices of the goods will increase in the United States 
AI: I see your point about prices potentially increasing. Do you think there could be any potential benefits to increasing tariffs, or does the risk of price increases outweigh these in your opinion?
Participant: I am not sure I would need more information on this topic
Participant: Bad
Participant: it will be bad because the prices of the goods will increase in the United States 
Participant: I am not sure I would need more information on this topic"
239D1C9FCB9541B9B379719A2399130A,"AI: Overall, do you think increasing tariffs or fees on goods imported from trading partners will be good or bad for the United States?
Participant: Neither good nor bad
AI: Thank you for your response. Can you tell me a little more about why you believe increasing tariffs or fees on goods imported from trading partners would be neither good nor bad for the United States? Are there specific reasons or considerations that led you to this conclusion?
Participant: No
Participant: Neither good nor bad
Participant: No"
347DFF6F67AB4A94AC5CAA3F965ECF6B,"AI: Why hold this position on this issue?
Participant: because the other countries are taking advantage of us
Participant: because the other countries are taking advantage of us"
47FDBD463AEA4B3697C720C600B69789,"AI: What do you think about increasing tariffs or fees on goods imported from trading partners to the United States?
Participant: Its good for the american economy.  Good for jobs here.  Good for the money supply.
AI: I appreciate your insights. Can you explain further how you see increased tariffs affecting the American job market? Also, could you elaborate on the relationship you see between higher tariffs and the money supply in the U.S.?
Participant: We need to be a great manufacturing country again.
AI: Thanks for sharing that idea. Can you elaborate more on how imposing higher tariffs will help make America a great manufacturing country again? And can you let us know your thoughts about how this change might impact consumers?
Participant: Buy American made poducts not foreign products.  Get America out of debt.
Participant: Its good for the american economy.  Good for jobs here.  Good for the money supply.
Participant: We need to be a great manufacturing country again.
Participant: Buy American made poducts not foreign products.  Get America out of debt."
0974E78A45674CE3918A63DD37668A06,"AI: Why hold this position on this issue?
Participant: It's going to raise the prices on goods we import and prices are already too high
Participant: It's going to raise the prices on goods we import and prices are already too high"
E2047E298CF54A09AC5096D16E35328E,"AI: What do you think about increasing tariffs or fees on goods imported from trading partners to the United States?
Participant: I disagree with the idea.
AI: You disagree with increasing tariffs or fees on imported goods. Could you elaborate on why you hold this stance? What specific aspects of this idea concern you or lead you to this conclusion?
Participant: This will increase prices on goods. This will harm the financial position of citizens.
AI: Certainly, an increase in goods prices is a valid concern. Can you expand more upon how you anticipate this impact on the average citizen's financial position? Are there certain demographics or spheres of life you're particularly concerned with?
Participant: I am concerned primarily with people with low incomes that cannot cover the added expense.
AI: Your concern for people with low incomes is clear. Could you elaborate on your thoughts about the potential repercussions on their lives? For instance, in what ways might increased prices change their lifestyle or overall quality of life?
Participant: Increased prices will negatively impact their lifestyle and overall quality of life.
Participant: I disagree with the idea.
Participant: This will increase prices on goods. This will harm the financial position of citizens.
Participant: I am concerned primarily with people with low incomes that cannot cover the added expense.
Participant: Increased prices will negatively impact their lifestyle and overall quality of life."
B7A43694C0CE4D2F9F99A18C45E166AD,"AI: Overall, do you think increasing tariffs or fees on goods imported from trading partners will be good or bad for the United States?
Participant: Very bad
AI: It's interesting to hear your viewpoint. Could you elaborate more on why you believe that increasing tariffs or fees on imported goods would be very bad? Are there specific sectors or industries you're particularly concerned about? What kind of impacts do you foresee?
Participant: The USA has tried the tariff solution before in the past and it has never worked.
AI: Could you provide some more details about the examples from the past where you think tariffs were not successful? What do you believe were some of the negative outcomes that resulted from them?
Participant: Many times in the past and everytime other countries impose tariffs back on the USA. Also the cost of everything falls to the taxpayers every time.
Participant: Very bad
Participant: The USA has tried the tariff solution before in the past and it has never worked.
Participant: Many times in the past and everytime other countries impose tariffs back on the USA. Also the cost of everything falls to the taxpayers every time."
8FDB4436C83A472D9C703368E81AC551,"AI: Overall, do you think increasing tariffs or fees on goods imported from trading partners will be good or bad for the United States?
Participant: Very bad
AI: Can you tell me more about why you believe increasing tariffs or fees on goods imported will be very bad for the United States? Are there particular areas or industries that you're concerned about?
Participant: history shows us that it'll just increase prices
AI: I understand. Do you think this increase in prices will proportionally affect all individuals in the society, or are there specific demographic groups that might be more affected by this than others?
Participant: the lowerincome for sure
AI: Thanks for sharing your insight. Could you briefly explain how you think the lower-income population would be more affected by the price rise resulting from increased tariffs or import fees?
Participant: because they cant afford it
Participant: Very bad
Participant: history shows us that it'll just increase prices
Participant: the lowerincome for sure
Participant: because they cant afford it"
9777F5E6D87C48A6A97B04780A49FA49,NA
F8075E9DEDD0471EA2E19E6A5CE01C1A,"AI: Why hold this position on this issue?
Participant: I think Americans will be the people paying those tariffs and we can't afford it.
Participant: I think Americans will be the people paying those tariffs and we can't afford it."
60E9881974684681A99D5DE08A192C43,"AI: Overall, do you think increasing tariffs or fees on goods imported from trading partners will be good or bad for the United States?
Participant: Bad
AI: Thank you for your response. Could you elaborate on why you believe that increasing tariffs or fees on goods imported from other countries would be bad for the United States? Are there any specific impacts or consequences that concern you?
Participant: Inflation has been bad in the last few years - tariffs would contribute towards this. Also, tariffs could lead to trade wars with other countries which can be destructive in oher ways.
AI: It sounds like you're taking into consideration the overall economic implications. Can you share any specific situations or examples that have made you particularly concerned about inflation and potential trade wars?
Participant: The Trump administration enacted tariffs against China which caused them to start buying soy beans from Brazil instead of the US. This hurt American soy farmers.
Participant: Bad
Participant: Inflation has been bad in the last few years - tariffs would contribute towards this. Also, tariffs could lead to trade wars with other countries which can be destructive in oher ways.
Participant: The Trump administration enacted tariffs against China which caused them to start buying soy beans from Brazil instead of the US. This hurt American soy farmers."
A04D95DEA6604EE98CF27F20FD2D620F,"AI: Why hold this position on this issue?
Participant: This issue is not really clear to me at this time. It could be good, or it could be costly. Too soon to tell.
Participant: This issue is not really clear to me at this time. It could be good, or it could be costly. Too soon to tell."
41DD0ADC4C22439B9A954DD7B9930EC1,"AI: Why hold this position on this issue?
Participant: All other counties chatge the US fee it is only fair that we do the same thing and to get better porducts thai way the price might be higher but would get rid of junk off the market
Participant: All other counties chatge the US fee it is only fair that we do the same thing and to get better porducts thai way the price might be higher but would get rid of junk off the market"
6F2AD7583EB240299F8BF11D92B30A12,NA
218D74FFB32A4C838A88C6019A69DE91,"AI: Why hold this position on this issue?
Participant: They usually make prices go up since the consumer pays for the tariffs
Participant: They usually make prices go up since the consumer pays for the tariffs"
21547E05DD0E44B6AE89CF44EE5857C0,NA
2005C80C4D674B82A36FD906AE99C269,NA
2ABC6ED4106141FCBBF98AF2778DA134,NA
F2B578EB6E8A42F492A10DE747BFC18A,NA
BDE7E84F9861450599B59C0964952F18,"AI: Overall, do you think increasing tariffs or fees on goods imported from trading partners will be good or bad for the United States?
Participant: Very bad
AI: Thank you for your response. Could you elaborate on why you believe increasing tariffs or fees on goods from trading partners will be very bad for the United States? Specifically, what experiences or pieces of information have led you to this conclusion?
Participant: I have been a firm believer in free market economics ever since reading Milton Friedman's book ""Free to choose"", in which he makes clear the economic reasons that tariffs don't make sense.

AI: Thank you for sharing that. So it seems your opinion is rooted in economic theory as explained by Milton Friedman. Do you think there might be any circumstances where tariffs could be beneficial, or do you see them as universally harmful? For instance, how would you view tariffs used as a tool for negotiating fairer trade deals?
Participant: Not really.

Participant: Very bad
Participant: I have been a firm believer in free market economics ever since reading Milton Friedman's book ""Free to choose"", in which he makes clear the economic reasons that tariffs don't make sense.

Participant: Not really.
"
4680491AF58148D7915636150F84281B,"AI: Overall, do you think increasing tariffs or fees on goods imported from trading partners will be good or bad for the United States?
Participant: Very bad
AI: Thank you for your answer. Can you tell me more about why you believe that increasing tariffs or fees on imported goods would be very bad for the United States? Are there specific sectors or aspects of the economy that you are particularly concerned about?
Participant: because the added costs will be passed on to consumers. we've learned this time and time again. trump and his sycophants are morons, the worst of us.
AI: Thank you for your insights. You mentioned that increase in tariffs will end up increasing the cost for consumers. On that note, do you believe there's any circumstance under which these tariffs could potentially have positive effects? Or do you entirely rule out any potential benefits?
Participant: it could drive the people to turn on the leadership that imposes them, using anything including the 2nd amendment to correct the issues
Participant: Very bad
Participant: because the added costs will be passed on to consumers. we've learned this time and time again. trump and his sycophants are morons, the worst of us.
Participant: it could drive the people to turn on the leadership that imposes them, using anything including the 2nd amendment to correct the issues"
367090E9E4AC41289224861912B4A0AC,"AI: What do you think about increasing tariffs or fees on goods imported from trading partners to the United States?
Participant: I think it is a terrible idea.
AI: Thank you for your response. Could you elaborate on why you believe increasing tariffs on imported goods is a bad idea? Are there specific instances or consequences you're considering?
Participant: Prices will raise in the states, it is already so hard to buy what I need. Tensions will also be raised from countries we put these tariffs on.
AI: I appreciate your perspective. Would it be correct to say that your main concern is the potential increase in the cost of living due to raised tariffs? Also, could you elaborate on what you mean by tensions raising with other countries?
Participant: Yes that is correct. Countries like Mexico have already said they are very dissapointed with the tariffs.
Participant: I think it is a terrible idea.
Participant: Prices will raise in the states, it is already so hard to buy what I need. Tensions will also be raised from countries we put these tariffs on.
Participant: Yes that is correct. Countries like Mexico have already said they are very dissapointed with the tariffs."
F1D2763E403A4134AD2B97B073378695,NA
4D9ED7AD0EBD4C5BA0841597559E0106,"AI: What do you think about increasing tariffs or fees on goods imported from trading partners to the United States?
Participant: I think that hurts the people of the United States and doesn't make relations with other countries very good so I'm mostly against that idea
AI: You mentioned that increasing tariffs on imported goods would potentially hurt the people in the US and damage relations with trading partners - could you provide some specific examples or scenarios where you see this happening? Also, are there any situations or conditions where you might support an increase in tariffs?
Participant: People voted for Trump because of high inflation.  I think high tariffs on good is going to raise the prices of goods so how are the American people going to deal with that.  Obviously, it's going to make some of the countries mad if they are imposed ridiculously high tariffs on their goods.  A small tariff is fine but not super high ones.
AI: Thank you for elaborating. You mentioned concern about possible economic implications from high tariffs, like inflation and increased product prices, could you share why this particularly concerns you? Additionally, you expressed an acceptance of smaller tariffs – could you specify what you would consider a reasonable level for these tariffs, and why?
Participant: I don't want to pay high prices for produce, cars and everything else that comes from some of these countries.  I am retired and we are relatively good off financially  but some people live paycheck to paycheck.  They won't be able to deal with increased inflation all of the time.  1 or 2 percent tariff seams reasonable.
Participant: I think that hurts the people of the United States and doesn't make relations with other countries very good so I'm mostly against that idea
Participant: People voted for Trump because of high inflation.  I think high tariffs on good is going to raise the prices of goods so how are the American people going to deal with that.  Obviously, it's going to make some of the countries mad if they are imposed ridiculously high tariffs on their goods.  A small tariff is fine but not super high ones.
Participant: I don't want to pay high prices for produce, cars and everything else that comes from some of these countries.  I am retired and we are relatively good off financially  but some people live paycheck to paycheck.  They won't be able to deal with increased inflation all of the time.  1 or 2 percent tariff seams reasonable."
AA328A2B29A14E278ACF8AFDAD6CD03C,"AI: Overall, do you think increasing tariffs or fees on goods imported from trading partners will be good or bad for the United States?
Participant: Neither good nor bad
AI: Could you explain why you believe that increasing tariffs or fees on goods imported from trading partners is neither good nor bad for the U.S? Are there specific factors or outcomes you're considering that make you have a neutral stance on this?
Participant: Increasing tariffs on imports is neither inherently good nor bad for the U.S. because its impact depends on context. Tariffs can protect domestic industries and create jobs but may also raise consumer costs and provoke trade wars. Outcomes hinge on factors like the targeted goods, trade partner responses, and broader economic dynamics.
AI: Thank you for your detailed response. In what scenarios do you believe that imposing tariffs could be beneficial, and when do you think they could have negative impacts? Furthermore, are there any current or past examples of tariffs that you think work particularly well or poorly?
Participant: **Scenarios where tariffs could be beneficial:**

1. **Protecting Domestic Industries:** Tariffs can shield nascent or struggling domestic industries from foreign competition, giving them time to develop and compete. For instance, tariffs on steel imports can protect American steel manufacturers during economic downturns.
2. **National Security:** In industries critical to national security (e.g., technology, defense), tariffs can ensure domestic production remains viable.
3. **Negotiation Tool:** Tariffs may be used strategically to pressure trade partners into renegotiating unfair trade practices or agreements, as seen with U.S. tariffs on China under the Trump administration.

**Scenarios where tariffs could have negative impacts:**

1. **Higher Consumer Costs:** Tariffs often lead to higher prices for goods, as businesses pass costs to consumers. For example, tariffs on imported goods like electronics or cars can disproportionately affect lower-income households.
2. **Retaliation by Trade Partners:** Tariffs can provoke retaliatory measures, harming exporters. In 2018, China responded to U.S. tariffs with duties on U.S. agricultural products, hurting American farmers.
3. **Economic Inefficiency:** Tariffs can distort markets by favoring less efficient domestic industries over competitive foreign ones, reducing overall economic welfare.

**Examples of tariffs with varied outcomes:**

1. **Working Well:** The U.S. tariffs on solar panels in 2018 helped protect domestic manufacturers, boosting production initially. However, the long-term benefits remain debated.
2. **Poor Outcome:** The 1930 Smoot-Hawley Tariff Act aimed to protect U.S. farmers but exacerbated the Great Depression by sparking retaliatory tariffs from global partners, reducing international trade volumes.

Tariffs' effectiveness depends on balancing protectionist goals with minimizing unintended economic harm. Context, industry, and global trade relationships play crucial roles in determining outcomes.
AI: Your response provides a clear and detailed analysis of this issue. Considering these scenarios and examples, would you entertain viewpoints that either strongly oppose or endorse tariffs, or are you solidly in the middle ground given the complex factors in play?
Participant: I remain open to viewpoints strongly opposing or endorsing tariffs, as each perspective can provide valuable insights into specific contexts. The complexities of global trade, domestic industries, and economic impacts necessitate considering diverse opinions. This middle-ground stance fosters thoughtful, evidence-based analysis rather than rigid alignment with one policy direction.
Participant: Neither good nor bad
Participant: Increasing tariffs on imports is neither inherently good nor bad for the U.S. because its impact depends on context. Tariffs can protect domestic industries and create jobs but may also raise consumer costs and provoke trade wars. Outcomes hinge on factors like the targeted goods, trade partner responses, and broader economic dynamics.
Participant: **Scenarios where tariffs could be beneficial:**

1. **Protecting Domestic Industries:** Tariffs can shield nascent or struggling domestic industries from foreign competition, giving them time to develop and compete. For instance, tariffs on steel imports can protect American steel manufacturers during economic downturns.
2. **National Security:** In industries critical to national security (e.g., technology, defense), tariffs can ensure domestic production remains viable.
3. **Negotiation Tool:** Tariffs may be used strategically to pressure trade partners into renegotiating unfair trade practices or agreements, as seen with U.S. tariffs on China under the Trump administration.

**Scenarios where tariffs could have negative impacts:**

1. **Higher Consumer Costs:** Tariffs often lead to higher prices for goods, as businesses pass costs to consumers. For example, tariffs on imported goods like electronics or cars can disproportionately affect lower-income households.
2. **Retaliation by Trade Partners:** Tariffs can provoke retaliatory measures, harming exporters. In 2018, China responded to U.S. tariffs with duties on U.S. agricultural products, hurting American farmers.
3. **Economic Inefficiency:** Tariffs can distort markets by favoring less efficient domestic industries over competitive foreign ones, reducing overall economic welfare.

**Examples of tariffs with varied outcomes:**

1. **Working Well:** The U.S. tariffs on solar panels in 2018 helped protect domestic manufacturers, boosting production initially. However, the long-term benefits remain debated.
2. **Poor Outcome:** The 1930 Smoot-Hawley Tariff Act aimed to protect U.S. farmers but exacerbated the Great Depression by sparking retaliatory tariffs from global partners, reducing international trade volumes.

Tariffs' effectiveness depends on balancing protectionist goals with minimizing unintended economic harm. Context, industry, and global trade relationships play crucial roles in determining outcomes.
Participant: I remain open to viewpoints strongly opposing or endorsing tariffs, as each perspective can provide valuable insights into specific contexts. The complexities of global trade, domestic industries, and economic impacts necessitate considering diverse opinions. This middle-ground stance fosters thoughtful, evidence-based analysis rather than rigid alignment with one policy direction."
312642AC1BAC48A98BCA5FF4078B3859,"AI: Overall, do you think increasing tariffs or fees on goods imported from trading partners will be good or bad for the United States?
Participant: Somewhat good
AI: Why do you feel that increasing tariffs or fees on imported goods might be somewhat good for the United States? Could you explain your primary reasons behind holding this viewpoint?
Participant: Well, this is not a policy that I am an expert on and I don't understand how it all works but I do trust President Trump because he was very successful in his first term and I think his secord term will be much more successful.
AI: Thank you for answering. Is there a particular policy of President Trump's or a specific event during his first term that led you to trust his decisions on trade? Is there anything that could alter this viewpoint of yours?
Participant: Well hundreds of businesses moved back to the United States from overseas and I think that will accelerate even more.
Participant: Somewhat good
Participant: Well, this is not a policy that I am an expert on and I don't understand how it all works but I do trust President Trump because he was very successful in his first term and I think his secord term will be much more successful.
Participant: Well hundreds of businesses moved back to the United States from overseas and I think that will accelerate even more."
E4BCBBA7CB934BB7B10517742C137FBD,"AI: Why hold this position on this issue?
Participant: I can see both sides and would need to know more about their implementation.
Participant: I can see both sides and would need to know more about their implementation."
33EA8481033D40D085A8FA4AF8B0ED69,"AI: Overall, do you think increasing tariffs or fees on goods imported from trading partners will be good or bad for the United States?
Participant: Very bad
AI: Can you elaborate on why you believe that increasing tariffs or fees on goods imported from trading partners is very bad for the United States?
Participant: Prices are already inflated and tariffs would make prices worse
AI: Do you think the impact on prices is the main reason why tariffs could be detrimental, or are there any other negative effects that concern you as well?
Participant:  prices is the reason tariffs would be bad for the economy and our relationships with other countries
Participant: Very bad
Participant: Prices are already inflated and tariffs would make prices worse
Participant:  prices is the reason tariffs would be bad for the economy and our relationships with other countries"
67CA17D24AE84EF2803A961AC9B04FE7,NA
A4CD57CECE224E6F8DC4667CFBE2AB48,"AI: What do you think about increasing tariffs or fees on goods imported from trading partners to the United States?
Participant: For humanitarian carrot/stick purposes, yes.
If it's to somehow increase jobs or something in the US, that isn't going to happen. Consumers will just be eating the tariffs, like every increase in greed.
AI: Can you further explain what you mean by ""humanitarian carrot/stick purposes""? Also, can you share more about why you believe that higher tariffs won't lead to increased jobs in the U.S.?
Participant: We don't have those jobs available now.  We don't have the factories, or probably even the interest. It's just something to say to placate the plebs who do need jobs.

The carrot stick sentence is self-explanatory. Really.

AI: It seems like you're suggesting that the U.S. might not have the infrastructure or perhaps the labor force required to produce the goods currently being imported, even if tariffs were increased. Do you believe it's not feasible or practical to turn to domestic production in response to higher import costs? 

About the ""carrot stick"" comment, you're correct that it can be interpreted as using rewards and punishments to manipulate behavior. In this context, can you clarify what behaviors or outcomes you believe this approach should be trying to achieve?
Participant: carrot stick tariffs for humanitarian concerns, not fiscal concerns, as I said.

It's great to build new industry here, but people expect things they are 'promised' now, not later, and I don't see that happening in a few years.
AI: Thank you for your clarifications. Your perspective on tariffs as a tool for humanitarian purposes rather than fiscal ones is interesting. Can you provide an example of how you might see this implemented? 

Also, regarding domestic industry: You've pointed out the limitation of time in meeting 'promised' expectations. Can you expand on what kind of promises you're referring to, and what role you think patience and long-term planning might play in this situation?
Participant: For humanitarian carrot/stick purposes, yes.
If it's to somehow increase jobs or something in the US, that isn't going to happen. Consumers will just be eating the tariffs, like every increase in greed.
Participant: We don't have those jobs available now.  We don't have the factories, or probably even the interest. It's just something to say to placate the plebs who do need jobs.

The carrot stick sentence is self-explanatory. Really.


About the ""carrot stick"" comment, you're correct that it can be interpreted as using rewards and punishments to manipulate behavior. In this context, can you clarify what behaviors or outcomes you believe this approach should be trying to achieve?
Participant: carrot stick tariffs for humanitarian concerns, not fiscal concerns, as I said.

It's great to build new industry here, but people expect things they are 'promised' now, not later, and I don't see that happening in a few years.

Also, regarding domestic industry: You've pointed out the limitation of time in meeting 'promised' expectations. Can you expand on what kind of promises you're referring to, and what role you think patience and long-term planning might play in this situation?"
EE7EF6857C5A4C609A7A3C75B412D00F,NA
2786D344E01043B492E9DEE8B4AEF6C9,"AI: Overall, do you think increasing tariffs or fees on goods imported from trading partners will be good or bad for the United States?
Participant: Somewhat bad
AI: Could you elaborate on why you think increasing tariffs or fees on goods imported from trading partners would be somewhat bad for the United States? Can you share any specific reasons or experiences that led you to this belief?
Participant: it will lead to increase in cost of living
AI: Thank you for your response. Just to clarify, do you think the increase in the cost of living resulting from increased tariffs and fees would outweigh any potential benefits, such as protecting domestic industries or jobs? What are your thoughts on these trade-offs?
Participant: yes
Participant: Somewhat bad
Participant: it will lead to increase in cost of living
Participant: yes"
D5A8FE34253E4E72BCA8CFCE92630D95,"AI: What do you think about increasing tariffs or fees on goods imported from trading partners to the United States?
Participant: I think it's ridiculous to use tariffs to manipulate trading partners.  I think there are more effective ways to work with economic partners other than to strong-arm them or overpower them.  I believe that it is mistaken policy, and that such a principle would backfire on our country and lead to higher prices and recession.
AI: You've mentioned strong concerns about tariffs leading to negative outcomes, such as higher prices and recession. Can you elaborate on why you believe this policy could backfire and bring about such consequences? Also, could you share an example of what you think could be a more effective way to work with economic partners?
Participant: Because the increased prices that would be added to goods would be passed on to American consumers, further deepening inflation (considering basic goods like building materials, precious metals, and groceries.)  I think good negotiators could develop key partnerships that would become incentive to other countries interested in sharing benefits offered by those partnerships.
AI: Your noted point about inflation due to higher consumer prices per tariffs is quite interesting. Could you delve further into your thoughts about how this could affect the average American's living standards? Furthermore, can you further detail what benefits could be shared between countries to establish those key partnerships you mentioned?
Participant: Americans would become more poor, and less likely to dine out at restaurants, for example, because the cost of weekly groceries, and the cost of food to restaurants, would be increased and passed along to consumers.  This would result in less robust food supply and possibly shortages of certain types of foods (i.e., avocados from Mexico).    Trade agreements could provide economic benefits in terms of reduced prices, or reverse tariffs, to entice consideration of benefits to our country.  This could lead to strengthened ties between our trading partners
Participant: I think it's ridiculous to use tariffs to manipulate trading partners.  I think there are more effective ways to work with economic partners other than to strong-arm them or overpower them.  I believe that it is mistaken policy, and that such a principle would backfire on our country and lead to higher prices and recession.
Participant: Because the increased prices that would be added to goods would be passed on to American consumers, further deepening inflation (considering basic goods like building materials, precious metals, and groceries.)  I think good negotiators could develop key partnerships that would become incentive to other countries interested in sharing benefits offered by those partnerships.
Participant: Americans would become more poor, and less likely to dine out at restaurants, for example, because the cost of weekly groceries, and the cost of food to restaurants, would be increased and passed along to consumers.  This would result in less robust food supply and possibly shortages of certain types of foods (i.e., avocados from Mexico).    Trade agreements could provide economic benefits in terms of reduced prices, or reverse tariffs, to entice consideration of benefits to our country.  This could lead to strengthened ties between our trading partners"
5F752263D06041968D371040ABA3F95A,"AI: What do you think about increasing tariffs or fees on goods imported from trading partners to the United States?
Participant: I think it will increase costs some but may also give us a little leverage with other countries to help get control of our immigration and drug issues.
AI: I see. Could you delve a little deeper into the connection you perceive between increased tariffs or fees and getting control over immigration and drug issues? Moreover, can you clarify what you mean by saying these tariffs might give 'us' leverage?
Participant: Us meaning the American people (government).  we need some leverage over a few countries to help us control the drug issue and also discourage countries from allowing the free flow of immigrants through their countries.
AI: Can you expand on how specifically you imagine these increased tariffs or fees would discourage countries from allowing the free flow of immigrants? And in what ways do you think these increased tariffs would assist in controlling the drug issue?
Participant: We are all dependent on each other for our economies.
Participant: I think it will increase costs some but may also give us a little leverage with other countries to help get control of our immigration and drug issues.
Participant: Us meaning the American people (government).  we need some leverage over a few countries to help us control the drug issue and also discourage countries from allowing the free flow of immigrants through their countries.
Participant: We are all dependent on each other for our economies."
4540F5C84FA844DF8E3EC30D01F0F5BF,NA
1A40B0BD6ACA480A93FDCD0C474DE120,"AI: Overall, do you think increasing tariffs or fees on goods imported from trading partners will be good or bad for the United States?
Participant: Bad
AI: I see that you think increasing tariffs or fees on goods imported will be bad for the United States. Could you elaborate on why you hold this opinion? Are there specific trade scenarios or experiences that led you to this view? Would you be open to hearing arguments in favor of such increases?
Participant: I would be open to discussion but the overwhelming opinion among experts is that tariffs lead to inflation, broken supply chains, disruption not just of trade but of international comity, and we need comity to preserve what peace we do have in this world.
AI: Thank you for your comprehensive response. It appears that you emphasize the overall welfare and international relations over potential economic gains from tariffs. Do you think such disruptions could be mitigated over time, or do you perceive them as long-term consequences? Additionally, are there any circumstances where you would support the implementation of tariffs or fees on imported goods?
Participant: Like economic sanctions, tariffs could become a means of punishment for reasons of international misbehavior. But as an economic tool they're a hammer when there are few nails. They're also hard to withdraw once they're implemented, compounded their bad effects.
Participant: Bad
Participant: I would be open to discussion but the overwhelming opinion among experts is that tariffs lead to inflation, broken supply chains, disruption not just of trade but of international comity, and we need comity to preserve what peace we do have in this world.
Participant: Like economic sanctions, tariffs could become a means of punishment for reasons of international misbehavior. But as an economic tool they're a hammer when there are few nails. They're also hard to withdraw once they're implemented, compounded their bad effects."
D67CD316F6AD4CCCB1EC9A7C37307B54,"AI: What do you think about increasing tariffs or fees on goods imported from trading partners to the United States?
Participant: I think that makes sense
AI: Thank you for your response. Could you elaborate why you think increasing tariffs or fees on goods imported makes sense? Are you considering any particular economic or political factors in your view?
Participant: Because americans are spending their money with china instead of the US so we should collect something from china in return
AI: You mentioned that increasing tariffs could encourage Americans to spend their money domestically rather than importing goods from countries like China. Could you share some of the specific benefits you see in this strategy? For instance, do you think this would directly impact American jobs or have other effects on our economy?
Participant: I think people would still buy from china, america could just collect more tax on it and that could go to something more beneficial. 
AI: I see, so it seems like you view tariffs as a way for the U.S to generate more revenue which could be used for other beneficial programs or initiatives. Could you share, in your view, what are some specific areas or sectors where you think this extra revenue from tariffs could be best put to use? And also, do you have any concerns about possible negative impacts of increased tariffs, such as potential trade wars or increased costs for consumers?
Participant: probably infrastructure and schools
Participant: I think that makes sense
Participant: Because americans are spending their money with china instead of the US so we should collect something from china in return
Participant: I think people would still buy from china, america could just collect more tax on it and that could go to something more beneficial. 
Participant: probably infrastructure and schools"
E9C554921A30473FABBA12ACC64EA139,"AI: What do you think about increasing tariffs or fees on goods imported from trading partners to the United States?
Participant: The cost of products will increase to consumers.
AI: Thank you for your response. Could you share more details about your perspective on how tariffs impact consumer prices? Also, how significant do you think this impact is?
Participant: Tariffs raise price impacts the costs towards the consumers.
AI: Thank you for the explanation. Could you provide an example of a specific item or industry where you think increasing tariffs would have a significant impact? Also, have you or anyone you know been directly affected by tariffs in some way?
Participant: The electronics industry. I have seen price increase affected by tariffs.
Participant: The cost of products will increase to consumers.
Participant: Tariffs raise price impacts the costs towards the consumers.
Participant: The electronics industry. I have seen price increase affected by tariffs."
75EC7F595C7C49CAA74840B4B441AFEC,"AI: Overall, do you think increasing tariffs or fees on goods imported from trading partners will be good or bad for the United States?
Participant: Very bad
AI: Thank you for your response. Could you please elaborate on why you believe increasing tariffs or fees on imported goods would be very bad for the United States? What specific impacts do you foresee?
Participant: Tariffs are nothing more than increased taxes for Americans. They result in more financial burden for Americans. The prices of those imported and tariffed goods will necessarily have to go up. Many imported goods are not luxuries, but fruits and vegetables and parts necessary for many businesses. They also piss off our allies and trading partners.
AI: Thank you for your comprehensive response. So, you're suggesting that tariffs indirectly lead to a rise in the price of goods, potentially straining household budgets and affecting businesses that rely on imported parts. Can you offer a real-world example or experience where you've seen the impact of such tariffs, either directly or indirectly?
Participant: My son-in-law works for a large company that imports a lot of steel and the steel tariffs on Chinese steel have hurt the bottom line significantly.
Participant: Very bad
Participant: Tariffs are nothing more than increased taxes for Americans. They result in more financial burden for Americans. The prices of those imported and tariffed goods will necessarily have to go up. Many imported goods are not luxuries, but fruits and vegetables and parts necessary for many businesses. They also piss off our allies and trading partners.
Participant: My son-in-law works for a large company that imports a lot of steel and the steel tariffs on Chinese steel have hurt the bottom line significantly."
537776C895BB446496FFEFD6C43EED1E,"AI: What do you think about increasing tariffs or fees on goods imported from trading partners to the United States?
Participant: Seems stupid because the manufacturing base in the US has been offshored and is relatively nonexistent.  
AI: I appreciate your frankness. Could you further explain why you think the offshoring of the U.S. manufacturing base makes increasing tariffs a poor decision?
Participant: The US largely makes chicken products and beer so buying anything else will cause economic hardship to varying degrees.
AI: That's a vivid way to put it. Based on your response, it sounds like you believe any increase in tariffs would directly affect the consumer. Can you expand on this? Specifically, how do you see these tariffs causing economic hardship?
Participant: If I have to pay 100% tariff on a new electronic item that's made in China, that hurts me.  I am very low income from living in this country.  I can barely afford to live as it is. 
AI: I see, the potential increase in the prices of goods due to tariffs could be burdensome for low-income households. This does seem like a strongly-held belief for you. Do you think there could be any circumstances under which increasing tariffs might be beneficial, or are you firm in your view?
Participant: I've looked for pro-tariff arguments and have found nothing remotely convincing, so I am firm in my view.
Participant: Seems stupid because the manufacturing base in the US has been offshored and is relatively nonexistent.  
Participant: The US largely makes chicken products and beer so buying anything else will cause economic hardship to varying degrees.
Participant: If I have to pay 100% tariff on a new electronic item that's made in China, that hurts me.  I am very low income from living in this country.  I can barely afford to live as it is. 
Participant: I've looked for pro-tariff arguments and have found nothing remotely convincing, so I am firm in my view."
456D3490883B40CDA9239768C6D62B5B,NA
D580852A761245EA9C4339616E52780E,NA
E4BD5A5590AA4042A79FDA6AE4B57B43,"AI: What do you think about increasing tariffs or fees on goods imported from trading partners to the United States?
Participant: Well increase tariffs will definitely make these imported goods more expensive for consumers to purchase and then other organizations in the United states that rely on various imported goods can also be affected.
AI: Thank you for sharing your thoughts. You mentioned that the increase in tariffs can make imported goods more expensive for consumers and affect organizations that rely on them. Could you please elaborate on how exactly these organizations might be affected?
Participant: Well importing of raw materials to produce their products might be too expensive leading to delay in production which will eventually lead to increase in price for its consumers.
AI: Thanks for explaining that. Taking into account the possible increase in the price of goods and delays in production, do you feel this potential impact on the economy is significant enough to oppose increasing tariffs? What factors would sway your opinion on this issue?
Participant: No, not really, I mean if it needs to be done then the government can carry on with it.
Participant: Well increase tariffs will definitely make these imported goods more expensive for consumers to purchase and then other organizations in the United states that rely on various imported goods can also be affected.
Participant: Well importing of raw materials to produce their products might be too expensive leading to delay in production which will eventually lead to increase in price for its consumers.
Participant: No, not really, I mean if it needs to be done then the government can carry on with it."
35C167A8A69C44C6901146BCBDA40868,"AI: Why hold this position on this issue?
Participant: It may cause inflation in our economy.
Participant: It may cause inflation in our economy."
17F76C77FFDA4939A5241C48FD944FF7,"AI: What do you think about increasing tariffs or fees on goods imported from trading partners to the United States?
Participant: Tariffs have always worked to increase the cost of imported goods for the buyer. If used correctly, this will influence buyers to purchase American made goods first because of the lower cost. 
AI: You mentioned that if used correctly, tariffs could influence buyers to purchase American made goods first. Could you elaborate more on what you mean by ""used correctly""? What strategies do you think would be effective in achieving this goal?
Participant: Determining which American made goods need an edge in the market. A cost of a tariff exacted rolls down to the consumers and in the immediate aftermath of COVID many cannot afford to pay more than inflation and price gouging is already costing them.  
AI: Interesting point! So, you believe that tariffs should be utilized strategically to support specific American industries that may need a competitive edge, taking into account the current economic context due to the pandemic. How would you approach the potential consequences on the affordability of goods for consumers?
Participant: Take a hard look at profits. Take a hard look at what percentage of those profits are going to the high executives in a company and how much is going to the shareholders. Compare that number to how much of the profit rolls down to the workers.
Participant: Tariffs have always worked to increase the cost of imported goods for the buyer. If used correctly, this will influence buyers to purchase American made goods first because of the lower cost. 
Participant: Determining which American made goods need an edge in the market. A cost of a tariff exacted rolls down to the consumers and in the immediate aftermath of COVID many cannot afford to pay more than inflation and price gouging is already costing them.  
Participant: Take a hard look at profits. Take a hard look at what percentage of those profits are going to the high executives in a company and how much is going to the shareholders. Compare that number to how much of the profit rolls down to the workers."
7C2ED859BEA24F45BCB013DF556AA9C4,"AI: What do you think about increasing tariffs or fees on goods imported from trading partners to the United States?
Participant: I am opposed
AI: That's quite direct. Could you elaborate on why you are opposed to increasing tariffs or fees on goods imported from our trading partners? What consequences do you foresee if such measures were to be implemented?
Participant: tariffs are ultimately paid by the consumer. They will increase inflation, be a drag on our economy, and actually will act as a tax on goods paid by the American people
AI: I see. You've noted potential economic impacts such as inflation and economic slowdown. Are there any other reasons that strengthen your opposition to increased tariffs? Also, do you think there might be any potential benefits to increasing tariffs that could possibly offset these concerns?
Participant: nothing that would adequately offset
Participant: I am opposed
Participant: tariffs are ultimately paid by the consumer. They will increase inflation, be a drag on our economy, and actually will act as a tax on goods paid by the American people
Participant: nothing that would adequately offset"
E682C2B30A144B14929B0B2D7C01E7D3,"AI: What do you think about increasing tariffs or fees on goods imported from trading partners to the United States?
Participant: It will only hurt the American consumer. Raising tariffs will only raise the price of goods and for the public. It could cause countries that we do business with to put tariffs on US goods
AI: On that note, could you elaborate on how increased tariffs might impact the average American consumer? And, could you share any thoughts you have on potential repercussions on the international trade relationships if such tariffs were implemented?
Participant: Tariffs will be bad for the consumer. It's only gonna increase the price of goods. For one thing America can not efficiently make certain some of the things we will put tariffs on. The idea is to create more American jobs but we do not have enough people skilled in those positions to simply create most of those goods on our own
AI: You've raised some pertinent points there. Can you elaborate on why you believe America might lack the necessary skilled labor to produce some of these goods? Also, have there been instances in the past that have led you to this belief?
Participant: If we already had the skilled labor why do buy foreign goods? Also, Trump increased tariffs the last time he was in office and it's well documented that it did not work as intended. It only created billions in new taxes
Participant: It will only hurt the American consumer. Raising tariffs will only raise the price of goods and for the public. It could cause countries that we do business with to put tariffs on US goods
Participant: Tariffs will be bad for the consumer. It's only gonna increase the price of goods. For one thing America can not efficiently make certain some of the things we will put tariffs on. The idea is to create more American jobs but we do not have enough people skilled in those positions to simply create most of those goods on our own
Participant: If we already had the skilled labor why do buy foreign goods? Also, Trump increased tariffs the last time he was in office and it's well documented that it did not work as intended. It only created billions in new taxes"
2018EC2D983E4E4391D0278D853CE489,"AI: Why hold this position on this issue?
Participant: Although tariffs might help with short-term negotiation / positioning against trade partners, I believe they will have a significant negative impact on the over supply chain, will increase prices, hinder innovation into the US. We are a country based on the free market, and limiting that has the potential to really damage our economy.
Participant: Although tariffs might help with short-term negotiation / positioning against trade partners, I believe they will have a significant negative impact on the over supply chain, will increase prices, hinder innovation into the US. We are a country based on the free market, and limiting that has the potential to really damage our economy."
BC7635B522B341369D685F7D5225BA5F,"AI: What do you think about increasing tariffs or fees on goods imported from trading partners to the United States?
Participant: I think is a foolish idea touted by an incompetent boob.
AI: I understand that you have strong feelings about this issue. Can you elaborate more on why you believe increasing tariffs or fees on goods imported from trading partners can be detrimental? Additionally, could you share any specific experiences or observations that have led to your strong opinion on this matter?
Participant: I think is a foolish idea touted by an incompetent boob.
AI: I understand that you have strong feelings about this issue. Can you elaborate more on why you believe increasing tariffs or fees on goods imported from trading partners can be detrimental? Additionally, could you share any specific experiences or observations that have led to your strong opinion on this matter?"
D033CE056825486F978F8F9AA8414D6F,"AI: What do you think about increasing tariffs or fees on goods imported from trading partners to the United States?
Participant: I don't understand this issue to a great extent so my view is being developed. An argument against it is that it is that the tariff is being paid by American companies and passed on to American consumers. Also, other countries might retaliate by taxing our goods. A view for it is that by making foreign goods more expensive make American products more competitive in our market.
AI: You're considering various factors, which is great. Could you share what personal experiences or information sources have shaped your understanding of this issue so far? Also, how much does the potential impact on American companies and consumers weigh in your evolving opinion?
Participant: My news sources are a regional newspaper, the Press Democrat which I think is tied in with the New York Time and various television shows. I am a Democrat and generally  support the Party's views. From what I am understanding the Democrats are against the higher tariffs, although Biden kept much of what Trump established in that regard. I find economic policies difficult to evaluate in advance and usually support what has been shown to work. 
AI: Thank you for sharing your news sources and political affiliation. I understand that these factors influence your views. Given your alignment with the Democratic party's views and your preferred approach of seeing what works, how do you feel about President Biden keeping some of the tariff policies established by President Trump? Could these policies change your opinion about tariffs?
Participant: I am only assuming that he thought they were working. But if an increase is being considered, I think that we should be careful about doing that. How other countries react to that could cause negative results.
Participant: I don't understand this issue to a great extent so my view is being developed. An argument against it is that it is that the tariff is being paid by American companies and passed on to American consumers. Also, other countries might retaliate by taxing our goods. A view for it is that by making foreign goods more expensive make American products more competitive in our market.
Participant: My news sources are a regional newspaper, the Press Democrat which I think is tied in with the New York Time and various television shows. I am a Democrat and generally  support the Party's views. From what I am understanding the Democrats are against the higher tariffs, although Biden kept much of what Trump established in that regard. I find economic policies difficult to evaluate in advance and usually support what has been shown to work. 
Participant: I am only assuming that he thought they were working. But if an increase is being considered, I think that we should be careful about doing that. How other countries react to that could cause negative results."
E703C2685909438587D24B2366310309,"AI: What do you think about increasing tariffs or fees on goods imported from trading partners to the United States?
Participant: Tariffs should be used only as a trade policy of last resort to discourage unfair trade practices or schemes devised by hostile foreign governments.
AI: Thank you for sharing your stance. When you mentioned tariffs being used as a 'last resort' to discourage unfair practices, can you help me understand what you mean by 'unfair trade practices'? Can you also provide your thoughts on how you believe tariffs affect the economy, both domestically and internationally?
Participant: Unfair trade practices might mean any number of things. It might mean situations in which goods or services are produced through the use of repressive labor practices. It might mean situations in which goods or services are produced and sold by countries which artificially alter the value of their currency so as to make those goods and services artificially cheap. It might mean situations in which countries fail to recognize patents and copyrights so as to infringe on the payments and rights owed to creators.
As for the results of tariffs, when used poorly and broadly, they tend to raise the prices of goods and services to consumers. They may also arbitrarily cause poor use of capital in the sense that poorly performing domestic enterprises may seem more profitable and attractive than they really are.
AI: Thank you for such an insightful response. They have given quite a good understanding of what you meant by 'unfair trade practices'. Now, would it be fair to say that while you see a role for tariffs in addressing these unfair practices, you are also concerned about the negative impact they can have if not used wisely? I'd also be interested to know if there's any circumstance where you feel that the benefits of tariffs might outweigh these negative impacts?
Participant: Well, higher prices are generally thought of negatively, no?
As for the cost/benefit analysis, there are many such situations. Did you have a particular, concrete situation in mind?
AI: You're correct that higher prices are generally viewed negatively. Regarding the cost/benefit analysis, I don't have a specific situation in mind. I am asking broadly if there are any situations you personally can think of where the benefits of implementing tariffs might outweigh their negative impacts, such as when dealing with instances of the unjust labor conditions, currency manipulation, or patent violatons you mentioned earlier. Could you think of any specific conditions or scenarios where you feel tariffs would be justified?
Participant: I'm skeptical of supporting Chinese production as currently constituted.
Participant: Tariffs should be used only as a trade policy of last resort to discourage unfair trade practices or schemes devised by hostile foreign governments.
Participant: Unfair trade practices might mean any number of things. It might mean situations in which goods or services are produced through the use of repressive labor practices. It might mean situations in which goods or services are produced and sold by countries which artificially alter the value of their currency so as to make those goods and services artificially cheap. It might mean situations in which countries fail to recognize patents and copyrights so as to infringe on the payments and rights owed to creators.
As for the results of tariffs, when used poorly and broadly, they tend to raise the prices of goods and services to consumers. They may also arbitrarily cause poor use of capital in the sense that poorly performing domestic enterprises may seem more profitable and attractive than they really are.
Participant: Well, higher prices are generally thought of negatively, no?
As for the cost/benefit analysis, there are many such situations. Did you have a particular, concrete situation in mind?
Participant: I'm skeptical of supporting Chinese production as currently constituted."
ADDBE78355E240D8AF1E859572FDF233,NA
6EC5CEEA8DE8408B97C28968E93A97D7,"AI: Why hold this position on this issue?
Participant: because it would give other countries higher ground
Participant: because it would give other countries higher ground"
8F0DEA30918646299340E0018A729C96,"AI: What do you think about increasing tariffs or fees on goods imported from trading partners to the United States?
Participant: Crazy...who do you think is going to pay those tariff fees? Who is going to benefit from them, surely not the American consumer

AI: I see that you have strong opinions about this. Could you elaborate on why you believe it's the American consumer who ends up paying those tariff fees, and why you don't think they would benefit from them? Could you also share if there are specific instances or experiences that have shaped your thinking on this?
Participant: If there is a 25% tariff on all goods coming from say Mexico, that tariff will be added to the price of the goods. One thing is for ABSOLUTE certainity, it's not going to be the importer, the wholesaler, or the retailer, and will fall SQUARELY on the shoulders of the consumer. The thing is that American businesses have been sending much of their production outside of the US. Because of that the american consumer has been able to get better prices, and the American business a greater profit, which many times filters back to investors, through stock dividends.

AI: You've made your viewpoint very clear, thanks for sharing your thoughts. Keeping in mind what you've said, do you think there could be any potential benefits to tariffs that might offset these costs to consumers, like protecting domestic industries or negotiating better trade deals? Or do you feel the negative implications for consumers overshadow any possible gains?
Participant: I feel it's way too late to protect American businesses as the cost of getting a product out to the consumer is MUCH higher because of increase labor cost. I would say they average cost for an american worker with wage, benefits, etc are, say, $20.00 / hour whereas as places like Mexico, China, Vietnam are probably closer to $5.00/hour. 
The only thing that I can see happening is the American worker being forced to work for less/give up benefits, or the price of the product will increase, providing US businesses could tool up in time.

Participant: Crazy...who do you think is going to pay those tariff fees? Who is going to benefit from them, surely not the American consumer

Participant: If there is a 25% tariff on all goods coming from say Mexico, that tariff will be added to the price of the goods. One thing is for ABSOLUTE certainity, it's not going to be the importer, the wholesaler, or the retailer, and will fall SQUARELY on the shoulders of the consumer. The thing is that American businesses have been sending much of their production outside of the US. Because of that the american consumer has been able to get better prices, and the American business a greater profit, which many times filters back to investors, through stock dividends.

Participant: I feel it's way too late to protect American businesses as the cost of getting a product out to the consumer is MUCH higher because of increase labor cost. I would say they average cost for an american worker with wage, benefits, etc are, say, $20.00 / hour whereas as places like Mexico, China, Vietnam are probably closer to $5.00/hour. 
The only thing that I can see happening is the American worker being forced to work for less/give up benefits, or the price of the product will increase, providing US businesses could tool up in time.
"
6595CE9F883840DEB90CD51D36DD59F3,NA
F88DBDCE307F4E7D95640302AF4BB6A6,NA
63DFEBC1BE3346C7ADDFAD262E12BD9C,NA
936BC561781C41248F8C5119B048626C,NA
383DDA728FF34144ABF042A6BF5DC0EE,"AI: Why hold this position on this issue?
Participant: Tariffs are paid BY US, and even if they weren't, those costs would be passed along to the buyer. The point of tariffs on goods produced overseas is to encourage people to buy locally made products. However, the overwhelming majority of things we buy from overseas (electronics, clothing, even cars) are not produced in the US, or are not produced on a similar scale. Therefore the prices of items will increase with no alternative. It's a horrible idea.
Participant: Tariffs are paid BY US, and even if they weren't, those costs would be passed along to the buyer. The point of tariffs on goods produced overseas is to encourage people to buy locally made products. However, the overwhelming majority of things we buy from overseas (electronics, clothing, even cars) are not produced in the US, or are not produced on a similar scale. Therefore the prices of items will increase with no alternative. It's a horrible idea."
F33517F8B2604E1C94480F53EA59C1EC,"AI: Why hold this position on this issue?
Participant: because companies will just pass off these costs to the customer.
Participant: because companies will just pass off these costs to the customer."
DB18494B5874464A9F322CEF10B6C599,"AI: Why hold this position on this issue?
Participant: it could be good

Participant: it could be good
"
9826239ED3974F9FAC6D48584FA3FE1F,NA
9FE3D3BA01384E759B55C3B6DFFA3AC0,"AI: Why hold this position on this issue?
Participant: It will encourage more companies to consider making their products in the USA
Participant: It will encourage more companies to consider making their products in the USA"
9E996302D5244260878FDB74CBB316F4,"AI: Why hold this position on this issue?
Participant: could lead to those countries also imposing tariffs and then an economic collapse will happen
Participant: could lead to those countries also imposing tariffs and then an economic collapse will happen"
CACD2A9D880F4648AD17256E9D699CF9,NA
8F6D058CD2FB4D54B15C4E628AA78255,NA
074319D7838A4620AC283635EBA30D3C,"AI: What do you think about increasing tariffs or fees on goods imported from trading partners to the United States?
Participant: That is good

AI: Interesting, could you please elaborate on why you think increasing tariffs or fees on goods imported to the United States is a good move?
Participant: It will encourage manufacturing to return to the usa
AI: That's a compelling view. Can you further explain how you believe that increased tariffs or fees can lead to the return of manufacturing to the U.S. or share any examples you might have in mind that support this view?
Participant: When it becomes cheaper and easier and necessary to make good in the us again, business will begin doing do. 
AI: I see, so you believe that increased tariffs could act as an incentive for businesses to move their manufacturing back to the U.S. as it may be more cost effective. Have you ever considered any potential downsides to this policy, like the impact on the price of goods for consumers?
Participant: Yes, it will raise prices and shortages will occur.  These are growing pains.
Participant: That is good

Participant: It will encourage manufacturing to return to the usa
Participant: When it becomes cheaper and easier and necessary to make good in the us again, business will begin doing do. 
Participant: Yes, it will raise prices and shortages will occur.  These are growing pains."
9D40255EAA334DDF8FC6F6107872323D,"AI: Overall, do you think increasing tariffs or fees on goods imported from trading partners will be good or bad for the United States?
Participant: Very bad
AI: Could you please elaborate on why you believe that increasing tariffs or fees on imported goods will be very bad for the United States? What specific negative impacts are you envisioning?
Participant: Very bad
AI: Could you please elaborate on why you believe that increasing tariffs or fees on imported goods will be very bad for the United States? What specific negative impacts are you envisioning?"
E9CD8C94DD054C61ADD2A1A7695FD2A5,NA
4CD591F1109D4FED8CBC27FED2976DC7,NA
2671A3FEF6184A1188018B86AEADDF8E,"AI: Why hold this position on this issue?
Participant: I don't know enough about the impacts of this to have an opinion.
Participant: I don't know enough about the impacts of this to have an opinion."
7DB121A211B348C88BA6749DECFF1A8B,NA
C26D8DBB6597487C9DFD7CB67445B44F,"AI: Why hold this position on this issue?
Participant: I think it will mainly just raise prices in the short term and the long term is unclear
Participant: I think it will mainly just raise prices in the short term and the long term is unclear"
6097F17F749A42F0B642E6F1DA79E2DC,"AI: Why hold this position on this issue?
Participant: Because they will just pass on higher prices to consumers.
Participant: Because they will just pass on higher prices to consumers."
CC960D719219424AAFE37BE4ADA94331,NA
D70F8AE994434C758F72544DF7D47C02,"AI: Why hold this position on this issue?
Participant: Tariffs were common practice for every country prior to the establishment of the federal reserve and the debt based system now in the united states. It was a good system then and will be in modern times
Participant: Tariffs were common practice for every country prior to the establishment of the federal reserve and the debt based system now in the united states. It was a good system then and will be in modern times"
1AC5B87B8AE146579545F45E38946B82,"AI: What do you think about increasing tariffs or fees on goods imported from trading partners to the United States?
Participant: I think it's the worst idea that we will have to deal with for many years. 
AI: I see. Could you elaborate on why you think increasing tariffs or fees on goods imported from trading partners is a bad idea? What specific concerns or outcomes are you thinking about?
Participant: It's going to cause us all to be screwed when it comes to buying anything. Everything will increase in price and the rich will become richer because of it. That simple. 
AI: That's quite an interesting perspective. When you say ""the rich will become richer"", could you explain who you're referring to specifically? And how do you perceive this change in wealth distribution will impact society?
Participant: Every upper class to millionaire and billionaire class will become richer if they own the companies that people are buying from. And we have to pay the tariffs for these products. 
AI: I see. Considering what you've just shared, how strongly do you think the impact of increased tariffs will be on your personal financial situation? And do you think there's any information or perspective that could potentially change your view on this issue?
Participant: It's going to be extremely hard. It might make my wife and I be homeless with our financial things we already have to deal with.
Participant: I think it's the worst idea that we will have to deal with for many years. 
Participant: It's going to cause us all to be screwed when it comes to buying anything. Everything will increase in price and the rich will become richer because of it. That simple. 
Participant: Every upper class to millionaire and billionaire class will become richer if they own the companies that people are buying from. And we have to pay the tariffs for these products. 
Participant: It's going to be extremely hard. It might make my wife and I be homeless with our financial things we already have to deal with."
7B0062D115164A118B5FC190F0E4097F,NA
C5AF928339E04282A78E0D7D1C0B8097,NA
A096CD98E78545D4ABF032A3482DEE30,"AI: Why hold this position on this issue?
Participant: Other countries need to pay their fair share considering they base their success off our dollar.
Participant: Other countries need to pay their fair share considering they base their success off our dollar."
EC247086CAB648AD99D9BBFFFE893039,"AI: Why hold this position on this issue?
Participant: I'm not certain, but I'd hope that it would force corporations to again make things here, in the US, instead of moving manufacturing overseas to once again, exploit poor people in those countries.
Participant: I'm not certain, but I'd hope that it would force corporations to again make things here, in the US, instead of moving manufacturing overseas to once again, exploit poor people in those countries."
E6A45D0F1F6A4CC0A26C9611B3A6B5CB,NA
D1EA81384E394BC0B72B88DFD7ED023C,"AI: Overall, do you think increasing tariffs or fees on goods imported from trading partners will be good or bad for the United States?
Participant: Somewhat good
AI: Could you elaborate more on why you think increasing tariffs or fees on goods imported from other countries could be somewhat good? What specific benefits do you see from this action?
Participant: It would allow Americans to prioritize buying American made goods and reduce our reliance on other countries
AI: I see your point in terms of boosting domestic production. On a slightly different note, do you have any concerns about the potential of increased costs for consumers if we have higher tariffs on imported goods?
Participant: Yes, that's always a concern but that's why focusing on American made products is important

Participant: Somewhat good
Participant: It would allow Americans to prioritize buying American made goods and reduce our reliance on other countries
Participant: Yes, that's always a concern but that's why focusing on American made products is important
"
9D77BFB713434C959919E681D5AA3E24,"AI: Overall, do you think increasing tariffs or fees on goods imported from trading partners will be good or bad for the United States?
Participant: Somewhat bad
AI: Thanks for your input. Could you help me understand why you think it is somewhat bad to increase tariffs or fees on goods imported from trading partners? Additionally, do you have certain industries or nations in mind where these tariffs would be particularly harmful?
Participant: It will cost American's more for goods and they will reciprocate on goods we export.
AI: I see, so you're concerned about potential price increases for goods in the U.S., as well as possible retaliatory measures from our trading partners. Do you think it matters how necessary these goods are, like whether they're essential goods versus luxury goods? And do you think it's likely that this could escalate into a trade war?
Participant: Necessary goods that we don't produce here like TV's and Phones.  Yes trade war will happen.
Participant: Somewhat bad
Participant: It will cost American's more for goods and they will reciprocate on goods we export.
Participant: Necessary goods that we don't produce here like TV's and Phones.  Yes trade war will happen."
42C87378508F4829AEF435DC40B2AB64,"AI: Why hold this position on this issue?
Participant: Most certainly, prices will rise given the vague proposals offered by Trump and his ilk.
Participant: Most certainly, prices will rise given the vague proposals offered by Trump and his ilk."
89B79D5B6A6D4B0BAC536EB5199741BA,"AI: What do you think about increasing tariffs or fees on goods imported from trading partners to the United States?
Participant: I'm not sure that is a good idea.

AI: You've expressed uncertainty about increasing tariffs on imported goods. Would you be able to elaborate on why you may feel this is not a good idea? What concerns or considerations are influencing your opinion?
Participant: I am wondering if it will increase the cost of the goods we need

AI: That's a valid concern. Can you tell me more about how an increase in the cost of goods due to higher tariffs might affect you or the community you live in? Any specific instances or examples you might consider?
Participant: I would not want to pay more for things and I believe others feel this way too.
Participant: I'm not sure that is a good idea.

Participant: I am wondering if it will increase the cost of the goods we need

Participant: I would not want to pay more for things and I believe others feel this way too."
5E8EDCB5AB1046B89CD5DF23047826B1,"AI: What do you think about increasing tariffs or fees on goods imported from trading partners to the United States?
Participant: I think this will have unintended consequences.  Prices will increase on goods and services in our country as a result.
AI: I see that you're worried about an increase in prices for goods and services if tariffs are increased. Why do you think the increase in tariffs would lead to higher prices domestically? Can you elaborate more on your perspective?
Participant: Well, I think that the United States relies on foreign imports for many parts and services of goods.
AI: Thank you for detailing your thoughts a bit more. Now, are you implying that these imports are being used in the production line? If yes, could you help me understand why you think an increase in tariffs would make goods more expensive at a domestic level?
Participant: There are many items and goods that are imported.  These would all increase in price.  Even it an item is not directly affected by a tariff, I think it will have to increase in price to offset items that are.
AI: I see that you’re suggesting a ripple effect through the economy. If the price of some imports increases due to tariffs, it might drive up costs even for domestically produced goods as they may use imported inputs. 

Could you clarify - do you think this ripple effect would be significant enough to impact the overall economy negatively, or do you see it being absorbed without causing too many disruptions?
Participant: Yes, I think it would impact everything as the world economy is global.
Participant: I think this will have unintended consequences.  Prices will increase on goods and services in our country as a result.
Participant: Well, I think that the United States relies on foreign imports for many parts and services of goods.
Participant: There are many items and goods that are imported.  These would all increase in price.  Even it an item is not directly affected by a tariff, I think it will have to increase in price to offset items that are.

Could you clarify - do you think this ripple effect would be significant enough to impact the overall economy negatively, or do you see it being absorbed without causing too many disruptions?
Participant: Yes, I think it would impact everything as the world economy is global."
E52C386448B247F180C60F02AAEF45E9,"AI: What do you think about increasing tariffs or fees on goods imported from trading partners to the United States?
Participant: i don't care
AI: Thank you for your response. Could you clarify why this issue doesn't affect you or why you don't have a strong opinion on it? Are there certain aspects of this policy that you think may affect you or do not affect you, and why?
Participant: no, i don't care

AI: That's okay if you don't have strong feelings around this matter. However, could you share if there are any potential impacts of tariffs or trade policy that you might be thinking about? For instance, do you associate it with certain economic effects or do you feel it may not have a direct impact on you?
Participant: no
Participant: i don't care
Participant: no, i don't care

Participant: no"
ECF061B14ECA49CB81D848166F85D17F,"AI: Overall, do you think increasing tariffs or fees on goods imported from trading partners will be good or bad for the United States?
Participant: Bad
AI: I understand your viewpoint that tariff increases could be harmful. Could you elaborate on why you believe higher import tariffs or fees would have negative effects for the United States? Do you think there are certain sectors or industries that would be particularly affected? And how do you feel about arguments suggesting that higher tariffs could potentially protect domestic industries?
Participant: I think most of the industries will be affected but overall it will fall on the consumer. The consumer will end up being charged more for these goods to account for the tariffs being imposed. 
AI: I see your point: the additional costs imposed by tariffs can get passed along to consumers. Do you believe there are any key indicators or warnings that policymakers should look for that signal it’s time to change course on this issue? Finally, on a scale of 1-10, how willing are you to consider counter-arguments or different perspectives on this policy of increasing import tariffs?
Participant: They should look at how much money the AVERAGE American would need to pay in extra tariffs fees every year. I am an 8.
Participant: Bad
Participant: I think most of the industries will be affected but overall it will fall on the consumer. The consumer will end up being charged more for these goods to account for the tariffs being imposed. 
Participant: They should look at how much money the AVERAGE American would need to pay in extra tariffs fees every year. I am an 8."
AFB6C88ED57E42DE893D70C90386A83F,"AI: Why hold this position on this issue?
Participant: there's no reason to increase prices on anything, except for greed.
Participant: there's no reason to increase prices on anything, except for greed."
91A9C126881844ECA76C9AC072C457F0,NA
1A34FA8D1D1947E7B5F62D1717AE2C24,"AI: What do you think about increasing tariffs or fees on goods imported from trading partners to the United States?
Participant: I don't really care either way. I am at a point where I know things aren't going to get better for the average American.
AI: I sense a feeling of resignation from your response. Could you help me understand why you feel things won't get better for the average American, specifically in the context of tariffs or import fees?
Participant: Our political leaders will only do what benefits them, makes them or their allies more wealthy. People like me have no voice in politics, we are not listened to. I am not smart enough to understand tariffs, I am not an economist, but I know that leaders will do whatever they want.
AI: I hear you saying that you feel disenfranchised and unheard in the current political climate. What experiences or observations have you had that led you to this viewpoint, particularly pertaining to economic policies such as tariffs?
Participant: It's not up to me how much things cost or if tariffs are enforced? So why should I have an opinion about it? I am powerless in this regard.
Participant: I don't really care either way. I am at a point where I know things aren't going to get better for the average American.
Participant: Our political leaders will only do what benefits them, makes them or their allies more wealthy. People like me have no voice in politics, we are not listened to. I am not smart enough to understand tariffs, I am not an economist, but I know that leaders will do whatever they want.
Participant: It's not up to me how much things cost or if tariffs are enforced? So why should I have an opinion about it? I am powerless in this regard."
E0DAFB61AAF048FAAE3AED2DB7B65A20,"AI: What do you think about increasing tariffs or fees on goods imported from trading partners to the United States?
Participant: I think it will be good in teh long term by bringing jobs back to the US.
AI: That's an interesting perspective. Could you explain more about how you see the connection between increased tariffs or fees on imported goods and job creation in the US? Specifically, do you foresee certain industries benefiting more from this approach?
Participant: US companies will stop looking overseas to buy products and manufacture them.
AI: I see, you believe that increased tariffs would incentivize U.S. companies to manufacture more domestically, thereby creating jobs. Could you identify any potential downsides to this approach? For example, have you considered how it might affect the price of goods, or the global economy?
Participant: Yes, it will affect costs immediately, but over the long run it will bring more jobs back and stabilize prices.
AI: Thank you for your insights. You mentioned initial cost increases but eventual job creation and price stabilization as a result of increased tariffs. I'm curious about the timeframe you're envisioning for these changes to occur. Do you anticipate this being a matter of years, or perhaps even decades? Additionally, what makes you think prices will stabilize in the long run after increasing due to tariffs?
Participant: Last time TRump was president, I noticed a change quickly.  Within a year or two I saw many more products being made in the US.
Participant: I think it will be good in teh long term by bringing jobs back to the US.
Participant: US companies will stop looking overseas to buy products and manufacture them.
Participant: Yes, it will affect costs immediately, but over the long run it will bring more jobs back and stabilize prices.
Participant: Last time TRump was president, I noticed a change quickly.  Within a year or two I saw many more products being made in the US."
534B5AB2A3B94C5D9C1BF817BB7E602B,"AI: Why hold this position on this issue?
Participant: No real reason. I'm not sure what it would accomplish.
Participant: No real reason. I'm not sure what it would accomplish."
79A3C37F699F432FAC7162ACA6BC5C7C,"AI: What do you think about increasing tariffs or fees on goods imported from trading partners to the United States?
AI: What do you think about increasing tariffs or fees on goods imported from trading partners to the United States?"
5C073E2E1A724D02B3B771E781D06DE6,"AI: Why hold this position on this issue?
Participant: We have been paying out way too long. Its time we start standing up for the economy of America.
Participant: We have been paying out way too long. Its time we start standing up for the economy of America."
5D52506730AA491CA6B3C0C41E95D881,"AI: Overall, do you think increasing tariffs or fees on goods imported from trading partners will be good or bad for the United States?
Participant: Neither good nor bad
AI: I see you've said that increasing tariffs or fees on imported goods would be neither good nor bad for the U.S. Can you help me understand why you feel this way? Are there any specific factors or experiences that led you to this conclusion?
Participant: I don't know much about how they affect things.
AI: That's fair. Tariffs can be quite complex. To clarify, tariffs are essentially taxes on imported goods. They can have several effects, such as making foreign goods more expensive and encouraging people to buy domestic goods instead. They might also affect relationships with trade partners. Given this, do you have any inkling on how you might feel about them impacting the economy? Or perhaps you have thoughts on how they might affect you as a consumer?
Participant: Neither good nor bad
Participant: I don't know much about how they affect things.
AI: That's fair. Tariffs can be quite complex. To clarify, tariffs are essentially taxes on imported goods. They can have several effects, such as making foreign goods more expensive and encouraging people to buy domestic goods instead. They might also affect relationships with trade partners. Given this, do you have any inkling on how you might feel about them impacting the economy? Or perhaps you have thoughts on how they might affect you as a consumer?"
9AC12790718A444B85754A67500EB2D9,"AI: Overall, do you think increasing tariffs or fees on goods imported from trading partners will be good or bad for the United States?
Participant: Very bad
AI: Can you explain why you think increasing tariffs or fees on imported goods would be very bad for the United States? What kind of impact do you foresee?
Participant: Because companies will pass the cost of the tarriffs onto consumers. 
AI: Thank you for your response. Do you think there could be any potential benefits to increasing tariffs, or do you see it as purely negative? Also, could you please share how strong is your opinion on this matter? Are there any arguments that might change your mind?
Participant: Purely negative. My opinion will not be changed.
Participant: Very bad
Participant: Because companies will pass the cost of the tarriffs onto consumers. 
Participant: Purely negative. My opinion will not be changed."
CA8B8E3ED1E84C7BAA9A1D92BEA68828,"AI: What do you think about increasing tariffs or fees on goods imported from trading partners to the United States?
Participant: I'm against it as it passes the cost on the Americans. It will act as a tax and raise the prices Americans pay. People voted for Trump for costs and inflation to go down but this will greatly increase costs
AI: You raise an important point about increased costs for Americans due to tariffs. Can you elaborate further on the potential impact this might have, specifically the types of goods or sectors you think might be most affected by increased tariffs?
Participant: The biggest impact may be on food and grocery bills which will hit everyone hard. Electronics and appliances will also be brutal
AI: I see, you have cited food, electronics, and appliances as some of the sectors that could be severely impacted by tariffs. Thinking beyond the immediate consumer impact, do you believe there could be longer-term economic effects? For instance, could these tariffs influence job market or investment trends in the U.S.?
Participant: It is already influencing the job market as corporations are preparing by laying off employees. China is already refusing to sell us materials needed for our new computer chip manufacturing plants
Participant: I'm against it as it passes the cost on the Americans. It will act as a tax and raise the prices Americans pay. People voted for Trump for costs and inflation to go down but this will greatly increase costs
Participant: The biggest impact may be on food and grocery bills which will hit everyone hard. Electronics and appliances will also be brutal
Participant: It is already influencing the job market as corporations are preparing by laying off employees. China is already refusing to sell us materials needed for our new computer chip manufacturing plants"
FF73A84FF3F14A928B7095849BA26BCD,"AI: What do you think about increasing tariffs or fees on goods imported from trading partners to the United States?
Participant: I think it can be a good thing

AI: Can you share more about why you believe increasing tariffs or fees on imported goods can be beneficial? Are there any specific reasons or possible outcomes that you're considering?
Participant: it will bring more business inside the US

AI: I see. Can you provide more insight into how you believe increasing tariffs or fees on imported goods will promote more business within the U.S.? Are there particular sectors or types of businesses that you think would benefit more from this policy?
Participant: Other countries will pay and they have to send business here 
AI: Could you explain more about how you envision other countries responding to increased tariffs or fees? And why you believe that will result in more business being sent to the U.S?
Participant: They will still need our business so they will have to pay it
Participant: I think it can be a good thing

Participant: it will bring more business inside the US

Participant: Other countries will pay and they have to send business here 
Participant: They will still need our business so they will have to pay it"
355E4343A8D246D99655FDAC769AD74B,"AI: Why hold this position on this issue?
Participant: Increasing tariffs just encourages other countries to not want to deal with ours. They'll just do more trading with someone else, Meanwhile the prices our citizens pay for goods will go up.
Participant: Increasing tariffs just encourages other countries to not want to deal with ours. They'll just do more trading with someone else, Meanwhile the prices our citizens pay for goods will go up."
CACDC745E32A4BF7B042331A3D00C169,"AI: Why hold this position on this issue?
Participant: From the research I have done, from the expert analysis of this proposed plan, I believe that massively increased tariffs will negatively impact the US on a large scale and then the costs will be passed on to consumers, making it harder for people to meet their financial basic needs
Participant: From the research I have done, from the expert analysis of this proposed plan, I believe that massively increased tariffs will negatively impact the US on a large scale and then the costs will be passed on to consumers, making it harder for people to meet their financial basic needs"
C2BC227785584B28A2C0402968CAA8D5,NA
583B48DB907C40209E1A17E7E6700800,"AI: Why hold this position on this issue?
Participant: I think overall it would cause large disruptions to supply and still eventually mean prices become higher.
Participant: I think overall it would cause large disruptions to supply and still eventually mean prices become higher."
8BCCE4EF54DA42E282EE1BC149692251,NA
E788C7A6D17E493BA7F0E1FF32FCD152,"AI: What do you think about increasing tariffs or fees on goods imported from trading partners to the United States?
Participant: I disagree

AI: Thank you for sharing that. Can you help me understand why you disagree with increasing tariffs or fees on imported goods? What specific concerns or possible negative outcomes do you foresee from this policy?
Participant: I don't know much information regarding this topic, but I feel like increasing tariffs or fees will cause other countries to import less goods, driving up the price on those goods. 
AI: That's insightful. You mentioned potential price increases ─ how do you see this affecting, for example, everyday consumers or specific sectors of the U.S. economy? Do you think all goods or certain types of goods would be more affected than others?
Participant: I think the everyday American would see those price hikes when they go to the grocery store or to a department store or shop online. I could be wrong, though. 
AI: I see your point. Do you feel that your opinion on this matter is very strong, or are you open to hearing opposing viewpoints or new information about tariffs and trade policies?
Participant: I am open to hearing opposition.
Participant: I disagree

Participant: I don't know much information regarding this topic, but I feel like increasing tariffs or fees will cause other countries to import less goods, driving up the price on those goods. 
Participant: I think the everyday American would see those price hikes when they go to the grocery store or to a department store or shop online. I could be wrong, though. 
Participant: I am open to hearing opposition."
002D321B2814496DA6BDA3438A04F646,"AI: What do you think about increasing tariffs or fees on goods imported from trading partners to the United States?
Participant: 100% should be the goal
AI: That's a strong endorsement of higher tariffs. Could you elaborate on why you believe this is the best approach? What benefits do you see from such a policy?
Participant: because liberals have destroyed our country and it is time to show every other country that if you mess with us you will be deleted

AI: You've expressed very strongly about increased tariffs as a course correction. Can you help me understand more specifically how you believe high tariffs will achieve this change?
Participant: because money talks
AI: I see you're suggesting that increased tariffs could serve as a potent tool to communicate and negotiate on the global stage. Can you elaborate a bit more on the ways you see this playing out economically or politically?
Participant: The USA doesn't need to negotiate with anyone. We are the masters of this planet. We could care less about products from scum bag countries like China
AI: I understand, from your perspective, you consider the US as needing to assert its position in global trade and having the capacity to do so. You also mentioned your dislike for products from certain countries, especially China. Could you explain what makes you have these strong feelings about imported goods specifically from China?
Participant: because china is a garbage communist country.
AI: It sounds like your thoughts on this policy are strongly intertwined with your feelings about China and communism. Can you share with me what specifically about communism and China fuels these strong feelings?
Participant: China kills minority people in their country and they make children work in sweat shops.
AI: I see, your concerns seem to be rooted in human rights issues. We appreciate your participation in this research interview. Please share any parting thoughts or observations you may have at this time.
Participant: none
Participant: 100% should be the goal
Participant: because liberals have destroyed our country and it is time to show every other country that if you mess with us you will be deleted

Participant: because money talks
Participant: The USA doesn't need to negotiate with anyone. We are the masters of this planet. We could care less about products from scum bag countries like China
Participant: because china is a garbage communist country.
Participant: China kills minority people in their country and they make children work in sweat shops.
AI: I see, your concerns seem to be rooted in human rights issues. We appreciate your participation in this research interview. Please share any parting thoughts or observations you may have at this time.
Participant: none"
B251079B39704A06B014FCBB9F45C18F,NA
D15EA9A324CD48549432B58B4A7A169F,"AI: What do you think about increasing tariffs or fees on goods imported from trading partners to the United States?
Participant: I think that's a great idea
AI: Could you please elaborate on why you think increasing tariffs on imported goods is a great idea? Is there a specific reason or benefit you're considering in your opinion?
Participant: That is how our country's expenses were originally intended to be paid, through tariffs
AI: That's a historical perspective. Do you think this method would still be effective in our modern economy? Are there specific sectors or instances where you feel this approach would particularly beneficial?
Participant: Yes, I think it would still be effective
Participant: I think that's a great idea
Participant: That is how our country's expenses were originally intended to be paid, through tariffs
Participant: Yes, I think it would still be effective"
CBE24D1D724349D09F35ADB75C2B3B31,"AI: Why hold this position on this issue?
Participant: I think it would be good because it would make the US more money
Participant: I think it would be good because it would make the US more money"
11CCADB4BB58465D8ED9969CB4C1B9FD,"AI: What do you think about increasing tariffs or fees on goods imported from trading partners to the United States?
Participant: no

AI: Could you explain why you are against increasing tariffs or fees on goods imported? What do you believe would be the consequences to either the economy or consumers?
Participant: it will make things more expensive and hurt the overall economy
AI: I see. Could you tell me more about how you think the increase in prices due to tariffs could impact the economy? What specific sectors or aspects of the economy do you think would be most affected?
Participant: areas that import goods from other countries
Participant: no

Participant: it will make things more expensive and hurt the overall economy
Participant: areas that import goods from other countries"
7663257DEC16401182D351BFB670F683,NA
8B3DB01D0A7A4B90A265E9D5E51C5C06,"AI: What do you think about increasing tariffs or fees on goods imported from trading partners to the United States?
Participant: I think it is a bad move and would only increase prices for everyone.
AI: Taking into account your perspective, could you elaborate on why you think increased tariffs or fees might lead to higher prices for everyone? Additionally, would you be open to counter-arguments or discussions regarding the potential benefits that might accompany increased tariffs?
Participant: Tariffs are like a tax, which is supposed to help your own industries prosper against foreign goods which might be cheaper than your domestically made ones. However, if you don't have a certain industry of your own, then prices go up and you don'thave any domestic products to buy which could be cheaper. I don't think there are really much good arguments today as to why tariffs would be a good idea.

AI: Thank you for your detailed explanation. Could you perhaps provide a specific example, a product or commodity that you believe would be dramatically affected by these tariffs? Furthermore, are there any other factors or effects of increased tariffs, apart from price increase, that concerns you?
Participant: Electronics like graphics cards and computers are something that aren't made in the United States. If tariffs were places against CHina for example, the US doesn't have a native graphics card or computer industry to back it up. Tariffs would just be a tax on top of the products which would then be passe donto the consumer. Tariffs could also spark trade wars and provoke bad blood between countries which would make it harder to get anything internationally done.
Participant: I think it is a bad move and would only increase prices for everyone.
Participant: Tariffs are like a tax, which is supposed to help your own industries prosper against foreign goods which might be cheaper than your domestically made ones. However, if you don't have a certain industry of your own, then prices go up and you don'thave any domestic products to buy which could be cheaper. I don't think there are really much good arguments today as to why tariffs would be a good idea.

Participant: Electronics like graphics cards and computers are something that aren't made in the United States. If tariffs were places against CHina for example, the US doesn't have a native graphics card or computer industry to back it up. Tariffs would just be a tax on top of the products which would then be passe donto the consumer. Tariffs could also spark trade wars and provoke bad blood between countries which would make it harder to get anything internationally done."
A2E329052C0247C5A5568B29564CB5DD,NA
5F5E433E23CB4B9996913E0AFF9801B8,"AI: What do you think about increasing tariffs or fees on goods imported from trading partners to the United States?
Participant: i don't really know how that works. can you tell me more?
AI: Absolutely. In simple terms, a tariff is a tax on imports or exports between countries. So, if the US increases tariffs on goods imported from a trading partner, it means that those goods become more expensive to import. This could potentially affect the price of those goods for consumers. Based on this, do you think increasing tariffs would be a good or a bad move, or are you still unsure?
Participant: i think it would be a bad move, we don't need higher prices
AI: I understand your point about not wanting higher prices. Could tell me more about why you think higher tariffs would lead to higher prices for consumers? What influences your way of thinking on this issue?
Participant: i'm thinking about clothing products. if a tariff is increased, wouldn't the consumer have to pay more?
AI: Yes, often the cost of increased tariffs can be passed on to consumers resulting in higher prices. But are there instances you can think of where increasing tariffs might be a better move, where the benefits could outweigh the potential increase in costs? Do you think such a scenario could sway your opinion?
Participant: i can't think of any situation that it would be a better move
Participant: i don't really know how that works. can you tell me more?
Participant: i think it would be a bad move, we don't need higher prices
Participant: i'm thinking about clothing products. if a tariff is increased, wouldn't the consumer have to pay more?
Participant: i can't think of any situation that it would be a better move"
D5711E975E614D75B8AF1C5045B0E159,"AI: Overall, do you think increasing tariffs or fees on goods imported from trading partners will be good or bad for the United States?
Participant: Bad
AI: Can you share more on why you think increasing tariffs or fees on imported goods would be bad for the United States? What do you envision are the possible outcomes of such a move?
Participant: The government should use tax money to pay for them but increasing the fees without increasing citizens salaries would be unfair
AI: I understand your point of view. When you mention it being ""unfair"", are you referring to the potential increase in consumer goods prices that could happen if tariffs are increased? Additionally, you mentioned the government should pay for them, does that mean you're suggesting tax money to subsidize any increased costs from tariffs? Are there any particular areas or industries you feel would be most hard-hit or perhaps even benefited by such a decision?
Participant: yes
Participant: Bad
Participant: The government should use tax money to pay for them but increasing the fees without increasing citizens salaries would be unfair
Participant: yes"
1C5CBBB511BA4A83A0323685B6060134,"AI: Overall, do you think increasing tariffs or fees on goods imported from trading partners will be good or bad for the United States?
Participant: Good
AI: Could you please elaborate on why you believe increasing tariffs or fees on goods imported from trading partners would be beneficial for the United States? Are there specific benefits you have in mind that such a policy might bring?
Participant: US made the China bigger and a big threat  to him. Specifically, Walmart, amazon, Apple and other brands who manufactured or imported from China. So, companies should start manufacturing these goods in the US
AI: Thank you for your response. To clarify, it appears that you are advocating for local manufacturing to boost domestic jobs and decrease dependency on international suppliers, is that correct? Also, do you have any concerns about how these policies might impact the cost of goods for consumers or have any ideas to mitigate potential cost increases?
Participant: These tariffs will be an additional cost to consumers. I am extremely concerned about that.
AI: I understand, price increase for consumers due to imposed tariffs is indeed a valid concern. Are there certain strategies or measures you think could be implemented to balance this potential drawback while still encouraging domestic production?
Participant: Importing from other countries, diversifying suppliers can be a a short term solution.
Participant: Good
Participant: US made the China bigger and a big threat  to him. Specifically, Walmart, amazon, Apple and other brands who manufactured or imported from China. So, companies should start manufacturing these goods in the US
Participant: These tariffs will be an additional cost to consumers. I am extremely concerned about that.
Participant: Importing from other countries, diversifying suppliers can be a a short term solution."
E9D83305838040BCB9B98EC454B46F49,"AI: What do you think about increasing tariffs or fees on goods imported from trading partners to the United States?
Participant: the decision to increase tariffs involves weighing potential benefits for specific sectors of the economy against the broader implications for consumers, businesses, and international relations. 
AI: You've given us an overview of how the decision to increase tariffs is a balancing act. Could you explore what direct impacts you think an increase of tariffs would have on consumers and businesses? Also, what side of the debate do you lean towards, and could you explain why?
Participant: the decision to increase tariffs involves weighing potential benefits for specific sectors of the economy against the broader implications for consumers, businesses, and international relations. 
AI: You've given us an overview of how the decision to increase tariffs is a balancing act. Could you explore what direct impacts you think an increase of tariffs would have on consumers and businesses? Also, what side of the debate do you lean towards, and could you explain why?"
BD116297DA744204AA280239BD18601D,"AI: What do you think about increasing tariffs or fees on goods imported from trading partners to the United States?
Participant: It is useless the cartels wont be affected by tariffs. 
AI: Thank you for sharing that perspective. Can you elaborate on why you don't believe tariffs will impact the cartels? And could tariffs still have an intended effect on other international trade aspects, apart from the cartels?
Participant: because they don't deal in legal goods tariffs will only make things more expensive.
AI: I see, that makes sense. Can you please describe how you envision the overall impact of increased tariffs on the average consumer? Do you believe there might be any potential benefits to these additional costs?
Participant: No benefits at all just higher prices on everything.
Participant: It is useless the cartels wont be affected by tariffs. 
Participant: because they don't deal in legal goods tariffs will only make things more expensive.
Participant: No benefits at all just higher prices on everything."
23837E626B434617844AFC319144638A,"AI: Overall, do you think increasing tariffs or fees on goods imported from trading partners will be good or bad for the United States?
Participant: Bad
AI: Can you elaborate on why you believe increasing tariffs or fees on imported goods will be detrimental to the United States? What specific impacts are you concerned about?
Participant: We already struggle to afford the necessities o daily life as it is
AI: I understand. It seems like you're concerned about prices for essential goods going up due to tariffs or fees. Are there specific goods or categories of goods that you are particularly worried about?
Participant: Bad
Participant: We already struggle to afford the necessities o daily life as it is
AI: I understand. It seems like you're concerned about prices for essential goods going up due to tariffs or fees. Are there specific goods or categories of goods that you are particularly worried about?"
2D4F0623406A4ADAA274802EEF662FAA,"AI: What do you think about increasing tariffs or fees on goods imported from trading partners to the United States?
Participant: I think the tariffs are a great deterrent for other countries to allow people to just flood our borders. President Trump will impose these tariffs and other countries are already falling in line before he even has been inaugurated. Money talks and the tariffs work in our favor. 
AI: I see, your stance implies that tariffs have proven successful in managing foreign relation dynamics. Could you describe any specific instances where you believe tariffs have been effectively implemented, particularly in relation to immigration? Furthermore, how do you view the potential impacts of these tariffs on local businesses and consumers?
Participant: As I previously stated, the tariffs are already beginning to work in other countries. Mexico has already agreed to stop allowing people to flood our border. Canada has also been spoken to about tariffs and although they say it will cripple them, it won't have any affect on them as long as they follow our demands to not allow people to just flood our border. The potential impact is that businesses will be safer. We will be able to vet every person that wants to come to America and not grant entry for those who have a criminal record. It is safer for all of America.
Participant: I think the tariffs are a great deterrent for other countries to allow people to just flood our borders. President Trump will impose these tariffs and other countries are already falling in line before he even has been inaugurated. Money talks and the tariffs work in our favor. 
Participant: As I previously stated, the tariffs are already beginning to work in other countries. Mexico has already agreed to stop allowing people to flood our border. Canada has also been spoken to about tariffs and although they say it will cripple them, it won't have any affect on them as long as they follow our demands to not allow people to just flood our border. The potential impact is that businesses will be safer. We will be able to vet every person that wants to come to America and not grant entry for those who have a criminal record. It is safer for all of America."
C22EEB2D59864B0E9FC68FA393D26EA6,"AI: Overall, do you think increasing tariffs or fees on goods imported from trading partners will be good or bad for the United States?
Participant: Bad
AI: Thank you for your response. Could you elaborate a bit more on why you think increasing tariffs or fees on goods imported from trading partners will be bad for the United States? What specific situations or potential outcomes are you considering when forming this opinion?
Participant: Bad
AI: Thank you for your response. Could you elaborate a bit more on why you think increasing tariffs or fees on goods imported from trading partners will be bad for the United States? What specific situations or potential outcomes are you considering when forming this opinion?"
B640FA6E19ED4569996854D166EF4549,"AI: What do you think about increasing tariffs or fees on goods imported from trading partners to the United States?
Participant: It doesn't seem to me like it would do much good.
AI: Thank you for sharing your opinion. Can you elaborate on why you believe increasing tariffs or fees might not be beneficial? Are there specific impacts on the economy or trade relationships you're concerned about?
Participant: When tariffs are raised on another country, they can turn around and raise them on us.
AI: That's a fair point about retaliatory tariffs. Do you think the potential economic consequences of this outweigh any potential benefits from increased revenues or protection of domestic industries? Also, are there any circumstances in which you would support increased tariffs?
Participant: I don't support tariffs and many economists seem to agree, so I can't think of any circumstances.
AI: I appreciate your viewpoint. Just to understand better, could you elaborate on your statement about many economists agreeing with your stance? What specifically have you heard or read from economists that has influenced your opinion? Also, have you personally experienced any impact from tariff policies?
Participant: Tariffs raise the price of goods and I have seen quotes that it might cost the average family hundreds of dollars a year more to buy things.
Participant: It doesn't seem to me like it would do much good.
Participant: When tariffs are raised on another country, they can turn around and raise them on us.
Participant: I don't support tariffs and many economists seem to agree, so I can't think of any circumstances.
Participant: Tariffs raise the price of goods and I have seen quotes that it might cost the average family hundreds of dollars a year more to buy things."
9C2F139BFFB54695BF441277B44E7CCD,"AI: Overall, do you think increasing tariffs or fees on goods imported from trading partners will be good or bad for the United States?
Participant: Bad
AI: Can you elaborate more on why you believe increasing tariffs or fees on imported goods will be bad for the United States?
Participant: more cost on product coming in
AI: Yes, higher tariffs can indeed lead to higher import costs. But can you tell me how you think this might impact everyday consumers or the economy at large?
Participant: it would cause more higher price since paying for what comes in the country
Participant: Bad
Participant: more cost on product coming in
Participant: it would cause more higher price since paying for what comes in the country"
F6C2C2975E2D47A29BB1DC4817243718,"AI: What do you think about increasing tariffs or fees on goods imported from trading partners to the United States?
Participant:  I don't know a thing about tarriffs
AI: That's perfectly alright. Tariffs essentially are taxes on imported goods. They're often used as a tool to protect domestic industries and jobs, but they can also lead to increased prices for goods, and potential trade disputes. Analyzing these points, do you think increasing tariffs would be good or bad? Or do you lean towards a neutral perspective?
Participant: neutral
AI: Alright, I understand. Since you're neutral on this topic, could you please elaborate on what makes you undecided? Perhaps there are certain aspects that you see as potentially beneficial and others that might be concerning?
Participant: I need to gather a lot of info to have a solid opinion on it

AI: I understand. Deciding on such matters can indeed require substantial information. Just for the purpose of our discussion - based on what you are aware of now or any general beliefs you hold - what would be some factors that might incline you towards thinking increasing tariffs could be beneficial or otherwise?
Participant: neutral
AI: It's perfectly fine to hold a neutral stance. Since you are not leaning towards any direction, is there a particular aspect or maybe something specific about these economic policies that you would like to understand better? This could help inform your stance on this matter.
Participant: neutral
Participant:  I don't know a thing about tarriffs
Participant: neutral
Participant: I need to gather a lot of info to have a solid opinion on it

Participant: neutral
Participant: neutral"
F91D4B22CBCF44D2AFEF7E1320B30F57,"AI: Why hold this position on this issue?
Participant: Because it helps built better connections.
Participant: Because it helps built better connections."
C6C8D80416534548A1CF7457665CCB64,"AI: What do you think about increasing tariffs or fees on goods imported from trading partners to the United States?
Participant: I am very supportive of that. I think high tariffs will deter companies from moving overseas and promote american jobs and also be a good source of income for the country
AI: I see you're supportive because you believe higher tariffs could discourage companies from offshoring jobs and generate revenue for the country. Can you tell me more about how you see these tariffs impacting American jobs specifically? Could there be any potential downsides for those who would be affected by these tariffs?
Participant: Having companies keep their manufacturing within the U.S will provide more jobs for Americans than if those business moved overseas and we lost those jobs. The potential loss is loss of certain products or lower stock
AI: Considering the benefits of job preservation in the U.S., can you delve a little deeper into the potential losses like the decrease in certain product availability or lower stock? How significant do you think these losses might be compared to the expected gains in domestic employment?
Participant: I think the gain of jobs overpower the loss of certain products or companies who many not want to pay the higher tariffs.
Participant: I am very supportive of that. I think high tariffs will deter companies from moving overseas and promote american jobs and also be a good source of income for the country
Participant: Having companies keep their manufacturing within the U.S will provide more jobs for Americans than if those business moved overseas and we lost those jobs. The potential loss is loss of certain products or lower stock
Participant: I think the gain of jobs overpower the loss of certain products or companies who many not want to pay the higher tariffs."
5FA8CD03C938437EA3E2AD01A3F29BBE,"AI: What do you think about increasing tariffs or fees on goods imported from trading partners to the United States?
Participant: I think it could be helpful in the long run.
AI: It's interesting that you think it could be helpful in the long run. Could you please elaborate on why you think so? What specific long-term benefits do you envision?
Participant: It will bring more business to US companies.
Participant: I think it could be helpful in the long run.
Participant: It will bring more business to US companies."
1BF219FD16654D2984BCAD607B5A595C,"AI: Overall, do you think increasing tariffs or fees on goods imported from trading partners will be good or bad for the United States?
Participant: Somewhat bad
AI: Thank you for your response. Could you please expound upon why you believe that increasing tariffs or fees on imported goods will have somewhat negative implications? Are there specific sectors or issues you're concerned about? And how firm is your standpoint on this? Would you consider changing your mind if presented with new information or arguments?
Participant: I just worry about these countries that are getting heavily taxed to charge more products that are coming in. Its a way to get back at us for increasing tax rates

AI: That's an insightful point. You seem to be concerned about potential retaliation from our trading partners if we increase tariffs or fees, resulting in higher costs for us as well. Have there been any specific instances or examples that shaped your perspective about the effects of such policies? And do you believe there could be any benefits to increasing tariffs or fees on imported goods?
Participant: increased taxes mean more funds for roads, education or any other governmental entities

Participant: Somewhat bad
Participant: I just worry about these countries that are getting heavily taxed to charge more products that are coming in. Its a way to get back at us for increasing tax rates

Participant: increased taxes mean more funds for roads, education or any other governmental entities
"
307B92D4FA74482A9D5DA0E3E4C29897,"AI: What do you think about increasing tariffs or fees on goods imported from trading partners to the United States?
Participant: I do not agree with increasing tariffs or fees on goods imported from trading partners.  From my current understanding there are already some tariffs in place and they are working as they should.  Increasing tariffs will cause some strife with trading partners and it will cause the price of imported goods to increase.
AI: Thank you for sharing your views. You mentioned that you think increasing tariffs will lead to strife with trading partners and higher prices for imported goods. Can you expand more on why you believe this will be the outcome and how it may affect both sides of trade? Moreover, could you share your thoughts on how these elevated fees might impact consumer's financial behaviors, specifically their spending habits?
Participant: Because of Trump's proposed tariffs and fees, China has started to decrease the export of raw materials to the United States (I believe these materials are needed in the manufacture of technology products).  I remember reading that the Mexican president has already provided some response or retaliation to Trump's proposed tariffs.  Trade could very well decrease.  Elevated fees will be passed down to the consumer who will pay more for technology like smart phones and computers.  As a result, consumer spending may decrease because consumers don't want to pay higher costs.
AI: Thank you for your thoughtful response. It seems that you believe the proposed tariff changes might escalate into a trade war with important trading partners, potentially disrupting the availability of raw materials for technology manufacturing. If these changes were implemented and resulted in an increase in consumer product prices, what personal changes, if any, do you envision making in your purchasing decisions? Additionally, could you share your thoughts on the potential impact this policy might have on domestic manufacturers and their ability to compete in the global market?
Participant: If consumer product prices increase, I will wait longer to replace technology.  As mentioned previously, China has already mentioned decreasing the export of raw materials to the United States, and this will have a negative impact on domestic manufacturers.
Participant: I do not agree with increasing tariffs or fees on goods imported from trading partners.  From my current understanding there are already some tariffs in place and they are working as they should.  Increasing tariffs will cause some strife with trading partners and it will cause the price of imported goods to increase.
Participant: Because of Trump's proposed tariffs and fees, China has started to decrease the export of raw materials to the United States (I believe these materials are needed in the manufacture of technology products).  I remember reading that the Mexican president has already provided some response or retaliation to Trump's proposed tariffs.  Trade could very well decrease.  Elevated fees will be passed down to the consumer who will pay more for technology like smart phones and computers.  As a result, consumer spending may decrease because consumers don't want to pay higher costs.
Participant: If consumer product prices increase, I will wait longer to replace technology.  As mentioned previously, China has already mentioned decreasing the export of raw materials to the United States, and this will have a negative impact on domestic manufacturers."
79CBC94796BB41D39D751793A66AED83,"AI: What do you think about increasing tariffs or fees on goods imported from trading partners to the United States?
Participant: I don't know anything about that. 
AI: That's perfectly fine. Tariffs are basically a tax imposed on imported goods. Many believe they can protect domestic industries from foreign competition, while others argue that they can lead to increased prices for consumers. Based on this brief explanation, where do you think you might stand on this issue?
Participant: Anything that increases prices should not be done in my opinion. Americans are already paying an arm and a leg for literally everything. 
AI: Thank you for your response. Could you please elaborate on why you believe Americans are already paying high prices for goods and services? Is there a specific instance or product you had in mind?
Participant: Groceries? My grocery bill is tripled since inflation and it keeps getting higher and higher. Pretty soon I'll be living in a cardboard box.

AI: I'm sorry to hear this has been your experience. To better understand, could you share how the increase in grocery prices has impacted your day-to-day life?
Participant: Kind of self explanatory. It makes it so I run out of food a lot more quickly and food for my family. Everything is a higher price because of Biden.
Participant: I don't know anything about that. 
Participant: Anything that increases prices should not be done in my opinion. Americans are already paying an arm and a leg for literally everything. 
Participant: Groceries? My grocery bill is tripled since inflation and it keeps getting higher and higher. Pretty soon I'll be living in a cardboard box.

Participant: Kind of self explanatory. It makes it so I run out of food a lot more quickly and food for my family. Everything is a higher price because of Biden."
DFBA597C1B2247CC9A20C9A22CF8B2DD,"AI: What do you think about increasing tariffs or fees on goods imported from trading partners to the United States?
Participant: good and best at this time
AI: It's interesting to hear you believe increasing tariffs or fees on imported goods is a good move at this time. Could you help me understand why you hold this opinion? What specific benefits or outcomes are you anticipating from such an action?
Participant: sometimes i  believe increasing tariffs or fees on imported goods could help boost domestic industries by encouraging consumers to buy locally made products, which could support jobs and strengthen the economy.
AI: I see, you believe tariffs could potentially boost domestic industries and the economy. How strongly do you hold this belief? And have you considered any drawbacks to this approach, such as its impact on international trade relationships and potentially higher prices for consumers?
Participant: ee the potential for tariffs to stimulate domestic growth and reduce reliance on imports.
Participant: good and best at this time
Participant: sometimes i  believe increasing tariffs or fees on imported goods could help boost domestic industries by encouraging consumers to buy locally made products, which could support jobs and strengthen the economy.
Participant: ee the potential for tariffs to stimulate domestic growth and reduce reliance on imports."
A37D6C13BEC34DB69E7F039AEE2FE2D4,"AI: What do you think about increasing tariffs or fees on goods imported from trading partners to the United States?
Participant: I think that might hurt the consumers more than its intention
AI: Interesting perspective. When you say increasing tariffs might hurt the consumers, are you concerned about potential increases in product prices or scarcity of certain goods? Can you elaborate more on your thoughts?
Participant: it would increase the prices of products rather than causing a scarcity as people will always need to consume things. 
AI: So, you feel that increasing tariffs would lead to price hikes for consumers. Considering this, do you think there are instances where this policy could be beneficial, or do you mainly see it as potentially harmful?
Participant: It has more disadvantages than it does good. 
AI: Could you go a bit deeper into your thoughts on this? What are the potential disadvantages you mentioned earlier? And do you see any specific circumstances where potential benefits might outweigh these drawbacks?
Participant: I do not
Participant: I think that might hurt the consumers more than its intention
Participant: it would increase the prices of products rather than causing a scarcity as people will always need to consume things. 
Participant: It has more disadvantages than it does good. 
Participant: I do not"
9FEF51CCF9BB401A8737A5C1D3266EBE,"AI: Overall, do you think increasing tariffs or fees on goods imported from trading partners will be good or bad for the United States?
Participant: Neither good nor bad
AI: Thank you for your answer. Could you help me understand why you feel that increasing tariffs or fees on goods wouldn't have a significant effect on the United States, either positively or negatively? Do you think it's because of the balanced nature of the economy or do you have other reasons?
Participant: I dont understand it so I can't have an opinion 
AI: That's fair, the issue can be complex. Increasing tariffs or fees on imported goods refers to the government raising the cost foreign companies must pay to sell their products in the United States. The idea behind this policy is often to encourage consumers to buy more domestic products to help local industries. Some people believe this is good because it can strengthen local economies. Others think it could lead to other countries retaliating with their own tariffs on U.S. exports, potentially hurting U.S. manufacturers. Given this context, do you lean more towards one side or still feel indifferent about it?
Participant: it seems of my control
Participant: Neither good nor bad
Participant: I dont understand it so I can't have an opinion 
Participant: it seems of my control"
A84491FD56F94C5C97FB801DFEFABBAD,"AI: Why hold this position on this issue?
Participant: It would take too long to train and build people to make the sort of goods we are importing in the numbers we need; we, especially ordinary people eating the bulk of the costs, will lose out on money for the foreseeable future.
Participant: It would take too long to train and build people to make the sort of goods we are importing in the numbers we need; we, especially ordinary people eating the bulk of the costs, will lose out on money for the foreseeable future."
9CE5A751FFA946089E2C40386157040A,NA
34DBFA16D26044D58AAB9AB321AB290C,NA
7035EB625E24442B908157408E655E3B,"AI: What do you think about increasing tariffs or fees on goods imported from trading partners to the United States?
Participant: I disagree with this. Trade is essential for countries to survive.
AI: Can you please elaborate more on why you disagree with increasing tariffs or fees on goods imported from trading partners to the United States? Specifically, could you tell me more about how you see trade as essential for countries to survive?
Participant: A country cannot produce everything themselves. They do not have the material capacity to do so. Everything will be way too expensive and you will lack some important material or ingredients.
AI: You've mentioned that not every country has the capacity to produce everything themselves, leading to expensive goods or a lack of certain materials. Could you share any specific examples or cases where you've seen this happen, either in the US or any other country?
Participant: I do not have any specific examples but avocados and bananas are brought here by mexico.

AI: Thank you for sharing. The example of avocados and bananas helps illustrate your viewpoint. Given what we've discussed, might there be any situations where you could see an increase in tariffs being beneficial? Or do you hold an unwavering stance against them?
Participant: I don't see how increasing tariffs will benefit anyone.
Participant: I disagree with this. Trade is essential for countries to survive.
Participant: A country cannot produce everything themselves. They do not have the material capacity to do so. Everything will be way too expensive and you will lack some important material or ingredients.
Participant: I do not have any specific examples but avocados and bananas are brought here by mexico.

Participant: I don't see how increasing tariffs will benefit anyone."
D6096ADB14F042928364519E4EB8929C,NA
3105F3CD47024C1690323D80DEF7B59D,"AI: Why hold this position on this issue?
Participant: importing and exporting are always good for the economy
Participant: importing and exporting are always good for the economy"
32A64E3242154F8A8592D9409928953F,NA
570E4E9885394B7A94B82FDA41DB5FB5,"AI: Overall, do you think increasing tariffs or fees on goods imported from trading partners will be good or bad for the United States?
Participant: Very good
AI: You indicated that increasing tariffs or fees on goods imported from trading partners would be very good for the United States. Could you please share a bit more on why you have this perspective? What specific benefits do you believe such an approach would bring about?
Participant: Because we need other countries to start paying down our national debt.  They've been getting a good deal
AI: I understand that you believe other countries should contribute toward paying down U.S. national debt. Do you think that increasing tariffs is the most effective way to achieve this, or do you see it more as a form of leverage to encourage trading partners to contribute more financially to the U.S.?
Participant: Other ways haven't worked as well.  Even Biden kept some tariffs trump installed
Participant: Very good
Participant: Because we need other countries to start paying down our national debt.  They've been getting a good deal
Participant: Other ways haven't worked as well.  Even Biden kept some tariffs trump installed"
F9011172D42143E39F49D42F19B4920B,"AI: Why hold this position on this issue?
Participant: To increase tariffs helps to build relationship around the world, and help employees get better pay, and the goods may be cheaper.
Participant: To increase tariffs helps to build relationship around the world, and help employees get better pay, and the goods may be cheaper."
F2B505A0D7374AF39AA4E0F76FE4B6D2,NA
7A1D85B27A864E8297D9ED8919E94AE1,"AI: What do you think about increasing tariffs or fees on goods imported from trading partners to the United States?
Participant: I don't think it's a good idea
AI: Could you elaborate more on why you don't think increasing tariffs or fees on imported goods is a good idea? What specific concerns do you have about this policy?
Participant: What would be the reason for increasing tariffs? There is no reason to make things more expensive. We rely on imported goods a lot.
AI: You've provided some interesting insights there. When you mention ""there is no reason to make things more expensive"", are you focusing primarily on the effect on consumer prices or are there other implications you're thinking about when saying this? And how strongly do you hold this viewpoint? Would you be open to hearing arguments for increased tariffs and fees?
Participant: Effect on consumer prices. Pretty strongly.
AI: Thank you for your response. Would the impact of increased tariffs on domestic industries play a role in your opinion? For example, some argue that tariffs can protect domestic industries from foreign competition. Has this argument had any effect on your standpoint? Or are there other considerations that have shaped your perspective more strongly?
Participant: I think foreign goods can be better than domestic goods. Either way, people will buy both no matter what.
Participant: I don't think it's a good idea
Participant: What would be the reason for increasing tariffs? There is no reason to make things more expensive. We rely on imported goods a lot.
Participant: Effect on consumer prices. Pretty strongly.
Participant: I think foreign goods can be better than domestic goods. Either way, people will buy both no matter what."
E52681B6C5DA4D5BBE55A4C07925413C,"AI: What do you think about increasing tariffs or fees on goods imported from trading partners to the United States?
Participant: I don't like tariff and fees increases on imported goods 
AI: Thank you for sharing your opinion. Could you elaborate on why you don't like the idea of increasing tariffs or fees on imported goods? Is there a specific reason or incident that led you to form this opinion?
Participant: It means that prices will have to increase somewhere and that usually consumers are the one stuck paying for the increases prices.
AI: I see, you're concerned about the high costs being passed onto consumers. How does your knowledge or personal experience influence the intensity of your opinion regarding the tariffs? And have you ever engaged in any sort of debate or discussion where someone tried to argue in favor of tariffs?
Participant: I don't have personal experience with dealing with tariffs and I've never engaged in a debate or discussion about it.
AI: Thank you for your response. Based on your thoughts, it seems you've developed a stance even without personal experience or prior engagements. How open would you say you are to hearing counter-arguments or other perspectives in favor of increasing tariffs or fees on imported goods? Would you consider changing your opinion if presented with compelling reasons?
Participant: I am very open to hearing counter-arguments in favor of increasing tariffs or fees. If there is enough compelling reason, my stance could change.
Participant: I don't like tariff and fees increases on imported goods 
Participant: It means that prices will have to increase somewhere and that usually consumers are the one stuck paying for the increases prices.
Participant: I don't have personal experience with dealing with tariffs and I've never engaged in a debate or discussion about it.
Participant: I am very open to hearing counter-arguments in favor of increasing tariffs or fees. If there is enough compelling reason, my stance could change."
8DFA07C880FC4350BCAE8401C5098747,"AI: What do you think about increasing tariffs or fees on goods imported from trading partners to the United States?
Participant: It may get American businesses to start producing for the country and bolster the economy.
AI: That's an interesting viewpoint. Could you elaborate further on how you think increasing tariffs could encourage American businesses to produce more domestically?
Participant: American businesses would start to look to invest in materials made in America due to the increase in tariffs.
AI: Thank you for clarifying. May I know what makes you believe that increased tariffs could spur domestic investment and not lead to increased costs for businesses and consumers?
Participant: I believe that America relies too much on other countries to produce their goods but whether it will increase costs for businesses and consumers remains to be seen.
Participant: It may get American businesses to start producing for the country and bolster the economy.
Participant: American businesses would start to look to invest in materials made in America due to the increase in tariffs.
Participant: I believe that America relies too much on other countries to produce their goods but whether it will increase costs for businesses and consumers remains to be seen."
94114D92C27E43B0A0E98A2D6FE9E0BB,NA
4A69EDACC2C5434B8E9514B376C143CA,"AI: What do you think about increasing tariffs or fees on goods imported from trading partners to the United States?
Participant: Raising taxes on imported goods might help local businesses and create jobs. But it could also make things more expensive for consumers, prompt other countries to retaliate, and cause tension in international relationships.
AI: Thank you for your response. Could you expand on your thoughts about how increasing tariffs could support local businesses and job creation? Also, can you share more about your concerns regarding potential retaliation and strained international relations?
Participant: Raising tariffs can help local businesses because it makes imported goods cost more, pushing people to buy products made in the country and creating jobs. However, if other countries respond with their own tariffs, U.S. exporters could suffer, tensions might rise between nations leading to a trade war that could hurt the economy overall.
AI: Would you mind elaborating on how this potential trade war could impact the overall economy? And how do you think this economic impact could affect everyday citizens?
Participant: A trade war can make goods more expensive for people, reduce the number of imported products available, and cause job losses in industries that rely on exports. This economic pressure affects everyday people by lowering their buying power and raising living expenses, which could harm their quality of life.
Participant: Raising taxes on imported goods might help local businesses and create jobs. But it could also make things more expensive for consumers, prompt other countries to retaliate, and cause tension in international relationships.
Participant: Raising tariffs can help local businesses because it makes imported goods cost more, pushing people to buy products made in the country and creating jobs. However, if other countries respond with their own tariffs, U.S. exporters could suffer, tensions might rise between nations leading to a trade war that could hurt the economy overall.
Participant: A trade war can make goods more expensive for people, reduce the number of imported products available, and cause job losses in industries that rely on exports. This economic pressure affects everyday people by lowering their buying power and raising living expenses, which could harm their quality of life."
E59DD75F52E741F4AF02E25A7C2AA8B8,"AI: What do you think about increasing tariffs or fees on goods imported from trading partners to the United States?
Participant: Increasing tariffs or fees on goods imported to the United States can be a double-edged sword. On one hand, it can protect domestic industries by making foreign goods more expensive, which could encourage consumers to buy American-made products and support local jobs. It can also be used as a negotiating tool in trade deals to secure better terms for U.S. companies.
AI: Thanks for your insight. Do you believe there are potential negative outcomes from increasing tariffs or fees on imported goods? What impact do you think this could have on the US economy or on the everyday lives of people in the US?
Participant: Increasing tariffs or fees on imported goods could lead to higher consumer prices, especially for everyday products, which would disproportionately impact lower-income households. It could also disrupt supply chains, raise production costs for U.S. businesses, and reduce their global competitiveness. Moreover, retaliatory tariffs from other countries could hurt U.S. exports, potentially leading to job losses in export-dependent industries and slowing overall economic growth.
AI: Your response indicates that you have a good grasp of the potential positive and negative outcomes. Can you elaborate a bit more on your personal stance? Would you lean more towards supporting or opposing the increase of tariffs and why? What specific instances or considerations guide your opinion on this matter?
Participant: I tend to lean against broad increases in tariffs because they can lead to higher consumer prices and disrupt global supply chains, which harms both consumers and businesses. While protecting domestic industries can be important, I believe the risks—like retaliatory tariffs and economic slowdown—outweigh the potential benefits. However, I do see value in targeted tariffs when addressing unfair trade practices or protecting critical industries, as long as they're part of a strategic, well-thought-out approach.
Participant: Increasing tariffs or fees on goods imported to the United States can be a double-edged sword. On one hand, it can protect domestic industries by making foreign goods more expensive, which could encourage consumers to buy American-made products and support local jobs. It can also be used as a negotiating tool in trade deals to secure better terms for U.S. companies.
Participant: Increasing tariffs or fees on imported goods could lead to higher consumer prices, especially for everyday products, which would disproportionately impact lower-income households. It could also disrupt supply chains, raise production costs for U.S. businesses, and reduce their global competitiveness. Moreover, retaliatory tariffs from other countries could hurt U.S. exports, potentially leading to job losses in export-dependent industries and slowing overall economic growth.
Participant: I tend to lean against broad increases in tariffs because they can lead to higher consumer prices and disrupt global supply chains, which harms both consumers and businesses. While protecting domestic industries can be important, I believe the risks—like retaliatory tariffs and economic slowdown—outweigh the potential benefits. However, I do see value in targeted tariffs when addressing unfair trade practices or protecting critical industries, as long as they're part of a strategic, well-thought-out approach."
75B7E17B71B840568DF71AE43662AD2D,NA
028687F82CEF4E15B1B596ED0A8BD7A1,"AI: Overall, do you think increasing tariffs or fees on goods imported from trading partners will be good or bad for the United States?
Participant: Very bad
AI: That's a clear stance, thank you. Could you explain more why you think increasing tariffs or fees on goods imported from trading partners would be very bad for the United States? What possible negative consequences are you foreseeing?
Participant: Anyone who has an education in civics knows that tariffs are placed on the end consumer.
AI: Indeed, the end consumer often bears the cost of tariffs. Going deeper into this, can you explain more how you think this would impact the economy or society at large? Are there specific sectors or groups that you are especially concerned about?
Participant: Most people voted on the economy without doing their homework on what that will look like. The new administration will cause the economy to tank and the middle class to suffer the consequences.
Participant: Very bad
Participant: Anyone who has an education in civics knows that tariffs are placed on the end consumer.
Participant: Most people voted on the economy without doing their homework on what that will look like. The new administration will cause the economy to tank and the middle class to suffer the consequences."
8B61C758D3E14957BD22BC6B6EB9E98D,"AI: What do you think about increasing tariffs or fees on goods imported from trading partners to the United States?
Participant: I think it will be passed on to US consumers and make things more expensive
AI: I see, so you believe the increased costs from tariffs will be transferred to the consumers. Could you expand more on why you think this would be the case? Also, are there any specific sectors or products you believe would be most impacted by this?
Participant: Each manufacturer in those affected country will increase your goods to pay for the tariffs and the customer will eventually get to pay for it
AI: Thank you for elaborating. It's clear you think the additional tariff costs will be passed down to the consumer eventually increasing the final price of goods. Are there any ways you think this situation could be prevented or mitigated? Also, do you see any potential benefits in other areas due to these tariff increases?
Participant: have conversation that is beneficial to all
Participant: I think it will be passed on to US consumers and make things more expensive
Participant: Each manufacturer in those affected country will increase your goods to pay for the tariffs and the customer will eventually get to pay for it
Participant: have conversation that is beneficial to all"
7862953E263D4B649A18DF5EF16CBE15,NA
06786ACEAF6E465FADFF891557F62BC8,NA
E74DE0C0CA8E4137B68B73C556466ADD,"AI: What do you think about increasing tariffs or fees on goods imported from trading partners to the United States?
Participant: I don't feel incredibly informed on the topic, but I feel like raising prices on goods we get from other countries would hurt the medium and smaller businesses, while larger business could deal with the price increase. I understand the idea is to promote more American based businesses and goods, but for some businesses, that is not always feasible.
AI: Thank you for sharing your thoughts. Could you elaborate on why you think increasing tariffs could disproportionately affect medium and smaller businesses compared to larger ones? Also, can you share your thoughts on how feasible it is for businesses to transition to more American based goods and services?
Participant: I think the smaller and medium sized business are more likely to feel the increase in prices as they usually don't have the same profit margins that larger businesses do. A larger business can just pay the extra increase or switch to domestic factories while still earning profits (generally) but smaller and medium businesses would have a much higher risk if they needed to make a big change like that. 
AI: I appreciate your perspective on how this may impact different sized businesses. Could you share more about your thoughts on how an increase in tariffs might impact the consumers of these businesses, especially in terms of the cost of goods and services?
Participant: I think most businesses would pass the cost on to consumers and increase the prices of their products to make up for the extra expense. But again, bigger business are more likely to have a larger buffer and may not have to do this, again hurting smaller and medium businesses.
AI: You make a clear point about how businesses might react to the changes. Do you think there are any potential benefits for consumers or the economy from increasing tariffs, or do you think the negatives outweigh any positives?
Participant: No, I don't see how it would benefit anyone enough to make up for the negatives.
AI: I appreciate your perspective on this matter. It seems that you have given this a good amount of thought. Before we move on to a different topic, is there anything else you would like to say about the potential impacts of increasing tariffs on imported goods?
Participant: No, we can move on
Participant: I don't feel incredibly informed on the topic, but I feel like raising prices on goods we get from other countries would hurt the medium and smaller businesses, while larger business could deal with the price increase. I understand the idea is to promote more American based businesses and goods, but for some businesses, that is not always feasible.
Participant: I think the smaller and medium sized business are more likely to feel the increase in prices as they usually don't have the same profit margins that larger businesses do. A larger business can just pay the extra increase or switch to domestic factories while still earning profits (generally) but smaller and medium businesses would have a much higher risk if they needed to make a big change like that. 
Participant: I think most businesses would pass the cost on to consumers and increase the prices of their products to make up for the extra expense. But again, bigger business are more likely to have a larger buffer and may not have to do this, again hurting smaller and medium businesses.
Participant: No, I don't see how it would benefit anyone enough to make up for the negatives.
Participant: No, we can move on"
2AC9A6CABA88491C8EC141B5ABCFEFBE,NA
4AAF52BB2CBF4D8D920F4B4DA79C4A84,"AI: Why hold this position on this issue?
Participant: Because increasing tariffs would just make things worse for the lower class citizens.
Participant: Because increasing tariffs would just make things worse for the lower class citizens."
0C8DAAF0BDE74D6482EC557F33586F18,"AI: What do you think about increasing tariffs or fees on goods imported from trading partners to the United States?
Participant: agree
AI: Could you provide more specifics on why you think increasing tariffs or fees on goods imported from trading partners to the United States is a good idea? What benefits do you see as a result of this policy?
Participant: people are sending poined prodicts to the us
AI: That's quite a strong point. Would you be able to elaborate on what you mean by ""poisoned products""? And how do you see increased tariffs or fees helping to address this issue?
Participant: sending products from china that have lead and things in them
AI: I appreciate your perspective on this. In your opinion, how should the U.S manage the issue of harmful substances in imported goods, outside of increasing tariffs or fees? Are there any other measures you would suggest?
Participant: a special inspection department to look at health factors of imported items
AI: Thank you for sharing your thoughts. I'd like to know how strongly you feel about these issues. On a scale from 1-10, with 1 being not strongly at all and 10 being extremely strong, how strongly do you feel about the implementation of increased tariffs and inspection of goods from our trade partners?
Participant: 7
Participant: agree
Participant: people are sending poined prodicts to the us
Participant: sending products from china that have lead and things in them
Participant: a special inspection department to look at health factors of imported items
Participant: 7"
7A2FD3C07D83434E8933F2F44369452E,"AI: Overall, do you think increasing tariffs or fees on goods imported from trading partners will be good or bad for the United States?
Participant: Very good
AI: Thank you for your response. Could you explain further why you believe increasing tariffs or fees on imported goods will be beneficial for the United States? Are there specific impacts or outcomes you have in mind?
Participant: Tariffs will benefit the United States because then countries like China won't be able to base it's growth off of flooding American markets which cheap product that was built off of cheap slave labor and currency manipulation. These countries will be forced to actually buy American product and open up their economic systems to American investment. Their won't be anymore one-sided economic deals which solely favor the foreign country.
AI: I see. You believe that by increasing tariffs, it might counteract unfair trade practices and encourage more equitable exchange between countries. How do you see these measures affecting American consumers and businesses in the short term and long term?
Participant: In the short term American consumers and businesses will suffer because foreign trading partners will avoid complying with the new tariffs. However, in the long term both will benefit because foreign countries can't continue to grow and support their economic systems without American capital and investment.
Participant: Very good
Participant: Tariffs will benefit the United States because then countries like China won't be able to base it's growth off of flooding American markets which cheap product that was built off of cheap slave labor and currency manipulation. These countries will be forced to actually buy American product and open up their economic systems to American investment. Their won't be anymore one-sided economic deals which solely favor the foreign country.
Participant: In the short term American consumers and businesses will suffer because foreign trading partners will avoid complying with the new tariffs. However, in the long term both will benefit because foreign countries can't continue to grow and support their economic systems without American capital and investment."
E45ABBEAF07F48CC97F984DFE2754311,"AI: Overall, do you think increasing tariffs or fees on goods imported from trading partners will be good or bad for the United States?
Participant: Very good
AI: Thank you for sharing your viewpoint. Could you please elaborate on why you think increasing tariffs or fees on goods imported from trading partners would be very good for the United States? Do these factors closely relate to any personal experiences or specific outcomes you anticipate in the American economy? And how open might you be for contrasting perspectives on this topic?
Participant: This is good because it would encourage buying from locally made producers and it would in turn boost the economy.
AI: I appreciate your clarification. Would you like to shed light on any potential downsides of this policy, like potentially increased prices for consumers or the possibility of trade retaliation? On a different note, how strongly do you hold this opinion? Are there any circumstances under which you might reconsider your stance on this issue?
Participant: To my knowledge, there are no specific down sides.
Participant: Very good
Participant: This is good because it would encourage buying from locally made producers and it would in turn boost the economy.
Participant: To my knowledge, there are no specific down sides."
4122B9F4F37D4F78A5304E9B2EA5702C,"AI: Why hold this position on this issue?
Participant: no idea
Participant: no idea"
3D7D72CEA1F6413D961CE185176CE502,"AI: What do you think about increasing tariffs or fees on goods imported from trading partners to the United States?
Participant: I think they should be kept the same
AI: Can you share some details of why you think tariffs or fees on imported goods should remain as they are? Are there certain benefits or drawbacks you're thinking of when suggesting this?
Participant: We don't want to alienate allies and reduce the amount of trade, but we also want to protect US workers/businesses.
AI: That's a delicate balance you're describing there. Could you talk a bit more about how you see that balance playing out in context of tariffs on imported goods? Perhaps, what kinds of impacts do you imagine on U.S. workers and businesses, positive or negative, if tariffs were increased or decreased?
Participant: I want it kept the same so the balance of US productivity is achieved while also ensuring we get access to global products
AI: I appreciate the deeper insight. When you say balance of US productivity, could you clarify what aspects you are considering? And when it comes to gaining access to global products, why do you think it's important and how do tariffs or fees play a role in this?
Participant: Tariffs can encourage or discourage trade with other countries
AI: Thank you for sharing your viewpoints. Just to clarify, you mentioned that tariffs have the potential to both encourage and discourage trade. Could you elaborate on some specific ways you think this might happen, and what effects it might have on the local economy and consumers?
Participant: Regulate tariff rates and constantly re-evaluate them to ensure they are working.
Participant: I think they should be kept the same
Participant: We don't want to alienate allies and reduce the amount of trade, but we also want to protect US workers/businesses.
Participant: I want it kept the same so the balance of US productivity is achieved while also ensuring we get access to global products
Participant: Tariffs can encourage or discourage trade with other countries
Participant: Regulate tariff rates and constantly re-evaluate them to ensure they are working."
BDF5F6793AFC457EAE8183612E092D17,"AI: Overall, do you think increasing tariffs or fees on goods imported from trading partners will be good or bad for the United States?
Participant: Somewhat bad
AI: Thank you for your response. Could you please elaborate a bit more on why you believe that increasing tariffs or fees on goods imported from trading partners will be somewhat bad for the United States? What specifically led you to form this opinion?
Participant: I don't think we need to increase fees for anyone at this point.  We need to work together as much as possible.
AI: Thank you for your answer. Can you speak more about this need for cooperation? How do you see increased tariffs impacting global cooperation, specifically between the U.S. and its trading partners?
Participant: I think that it helps to show the willingness to work together and thus mitigate competitive attitudes.  
AI: That's an interesting viewpoint. Finally, how do you think counterarguments might shape your opinion? For example, if you heard points emphasizing the potential for increased tariffs to protect domestic industries or maintain economic balance? Would you be receptive to such arguments or do they change your perspective on the issue?
Participant: Yes I would be open, however I don't think it would shape my opinion much because I feel that we have larger problems to concerned with.  Also I mentioned that it would only be ""slightly"" bad so I don't have a strong opinion either way.
Participant: Somewhat bad
Participant: I don't think we need to increase fees for anyone at this point.  We need to work together as much as possible.
Participant: I think that it helps to show the willingness to work together and thus mitigate competitive attitudes.  
Participant: Yes I would be open, however I don't think it would shape my opinion much because I feel that we have larger problems to concerned with.  Also I mentioned that it would only be ""slightly"" bad so I don't have a strong opinion either way."
CBC5B19884B24A59A4433D736D767EDD,"AI: What do you think about increasing tariffs or fees on goods imported from trading partners to the United States?
Participant: I can not of anything at the moment
AI: That's understandable, these can be complex topics. Let's start with a basic question. Do you think increasing tariffs or fees on imported goods would be good, bad, or neither good nor bad for the United States? Please share your thoughts.
Participant: I think it should be good, I do not really have an opinion on this issue
AI: Thank you for sharing your initial thoughts. When you say you think it should be good, could you possibly tell me more about why you lean in that direction? It’s perfectly okay if you're not sure or don't have detailed reasons.
Participant: I think this way it will reduce dependency on imported goods and facilitate the production of more local porducts.
AI: Thanks for your response. You've pointed out that increased tariffs could encourage the production of local goods. Could you elaborate further on why you think reducing dependency on imported goods might be beneficial?
Participant: Like I said earlier, I do not really have an opinion about this.
Participant: I can not of anything at the moment
Participant: I think it should be good, I do not really have an opinion on this issue
Participant: I think this way it will reduce dependency on imported goods and facilitate the production of more local porducts.
Participant: Like I said earlier, I do not really have an opinion about this."
A2F7231D9B144A95B50B1C95CD29FFE1,"AI: What do you think about increasing tariffs or fees on goods imported from trading partners to the United States?
Participant: it is a very dumb idea

AI: I see that you're against the idea of increasing tariffs or fees on imported goods. Could you please share more about why you think it's a ""dumb idea""? Perhaps there are specific impacts or outcomes you're considering?
Participant: it would raise the price of goods for us making me pay for the tariff

AI: I understand, you're concerned about the potential impact on the price of goods. Could you elaborate on how this might affect you or others personally? For instance, are there specific goods or sectors you're particularly concerned about?
Participant: i already dont have money, why would i want to have less money 
AI: I can see how this would be a real concern for you. Can you please detail any past situations where increased tariffs have directly impacted you? Or are there certain goods, such as essentials or particular items, that you worry may become unaffordable if tariffs are increased?
Participant: it is just logical, the rich are greedy and don't want to pay for the tariff so they will pass the cost down to the consumer.
Participant: it is a very dumb idea

Participant: it would raise the price of goods for us making me pay for the tariff

Participant: i already dont have money, why would i want to have less money 
Participant: it is just logical, the rich are greedy and don't want to pay for the tariff so they will pass the cost down to the consumer."
8E9D7C803E554A97A657CDAD5D714B7B,"AI: Overall, do you think increasing tariffs or fees on goods imported from trading partners will be good or bad for the United States?
Participant: Neither good nor bad
AI: You mentioned that you believe that increasing tariffs or fees on goods imported from trading partners would be neither good nor bad for the United States. Could you please explain why you hold this view? Do you think there are potential benefits or drawbacks to these actions?
Participant: At face value, imposing tariffs on goods coming from other countries could work, however, this idea could blow up in our faces as well. Take for instance a mineral rich country like China or Russia. If they refuse to supply the US with minerals because of tariffs, the US would have to source them from other countries and be potentially subjected to huge price increases.
AI: Thank you for providing that perspective. You brought up a very valid point about potential retaliation and its corresponding consequences. Does this mean you see the tariffs as a bit of a 'double-edged sword,' with potential benefits but also significant risks? And, given these potential drawbacks you mentioned, do you see any conditions or situations where increasing tariffs or fees might be a viable strategy?
Participant: Yes, I see tariffs as a high stakes game of chicken... Countries that need what the US offers them more than we need them would pay the tariffs (although begrudgingly) but for self sufficient countries that do not heavily rely on the US tariffs would further encourage them to move away from us and potentially the US Dollar altogether.
Participant: Neither good nor bad
Participant: At face value, imposing tariffs on goods coming from other countries could work, however, this idea could blow up in our faces as well. Take for instance a mineral rich country like China or Russia. If they refuse to supply the US with minerals because of tariffs, the US would have to source them from other countries and be potentially subjected to huge price increases.
Participant: Yes, I see tariffs as a high stakes game of chicken... Countries that need what the US offers them more than we need them would pay the tariffs (although begrudgingly) but for self sufficient countries that do not heavily rely on the US tariffs would further encourage them to move away from us and potentially the US Dollar altogether."
F2EE9FE4674A408293A6DE8D5DC0D9CD,NA
014AF5C1D40E4A93A8E753C54C786C25,"AI: What do you think about increasing tariffs or fees on goods imported from trading partners to the United States?
Participant: yes, this can harm businesses 
AI: I understand you believe that increasing tariffs can harm businesses. Could you please elaborate on how you think these tariffs would negatively impact businesses?
Participant: it will raise cost of imported goods, which may lead to higher prices for consumers.
AI: Thank you for elaborating. So, you perceive that increasing tariffs could result in higher cost of goods and consequently, it could inflate prices for consumers. Can you share any personal experiences or observations that solidify this view for you?
Participant: When tariff was raised i bought electronics at expensive prices 
AI: I see, so you personally experienced an increase in the prices of electronics when tariffs were raised. Thank you for your perspective. Based on your experience and your thoughts, do you think there could ever be any potential benefits to increasing tariffs or do you predominantly see it as a negative measure?
Participant: they can help to promote local production.
Participant: yes, this can harm businesses 
Participant: it will raise cost of imported goods, which may lead to higher prices for consumers.
Participant: When tariff was raised i bought electronics at expensive prices 
Participant: they can help to promote local production."
011455E9696C48F893BCA3012C6BCB93,NA
3221EA13F4B84D2FB89B884B794133AB,"AI: Why hold this position on this issue?
Participant: This would discourage importing and encourage manufacturing more.
Participant: This would discourage importing and encourage manufacturing more."
22FAC0E0CC91445AA1AF52DA0E314687,"AI: Why hold this position on this issue?
Participant: I don't have a preference.
Participant: I don't have a preference."
0DE469FB144C4E468AA45CF4F0EADE78,"AI: Overall, do you think increasing tariffs or fees on goods imported from trading partners will be good or bad for the United States?
Participant: Somewhat good
AI: Thank you for your response. Could you please elaborate on why you believe that increasing tariffs or fees on imported goods might be somewhat beneficial for the United States? Are there specific outcomes or impacts you're considering?
Participant: It would encourage manufacturing and discourage importing.
AI: That's an interesting point. So, in your view, promoting local manufacturing is a key advantage. Can you share your thoughts on how this might impact consumers and the overall economy? Are there particular industries or sectors you think would be most affected?
Participant: I think it would affect all sectors and industries.
AI: I see your point. In this scenario, how do you envision the potential impact on the pricing of goods and the purchasing power of consumers? Do you believe these changes would be temporary or long-lasting?
Participant: I think the changes would be temporary.
Participant: Somewhat good
Participant: It would encourage manufacturing and discourage importing.
Participant: I think it would affect all sectors and industries.
Participant: I think the changes would be temporary."
4D43C7A0489041FDA143F8D7A5738480,"AI: Overall, do you think increasing tariffs or fees on goods imported from trading partners will be good or bad for the United States?
Participant: Very good
AI: Could you please elaborate on why you believe increasing tariffs on imported goods would be very beneficial for the United States? What specific effects or outcomes are you anticipating?
Participant: It would encourage internal production and also bring in incomes for our country

AI: Thank you for detailing your perspective. Do you think there are any potential negative impacts that such a policy might have? For instance, it might increase prices for consumers or invite retaliatory tariffs from our trading partners. What are your thoughts on these potential downsides?
Participant: Not at all. I believe our country's market is the most sought after, as we're the prize
AI: Interesting, so you see the U.S. market as having a strong position that could withstand potential drawbacks. How strongly would you say you hold this belief? Are there any arguments or evidence that could potentially change your mind?
Participant: Not at all. We're the best in the world
Participant: Very good
Participant: It would encourage internal production and also bring in incomes for our country

Participant: Not at all. I believe our country's market is the most sought after, as we're the prize
Participant: Not at all. We're the best in the world"
26995E2C56A842E89AF6B92817F2B7E9,"AI: Overall, do you think increasing tariffs or fees on goods imported from trading partners will be good or bad for the United States?
Participant: Somewhat good
AI: Could you please elaborate on why you believe that increasing tariffs or fees on goods imported from trading partners will be somewhat good for the United States? What specific benefits or consequences are you considering?
Participant: Increasing tariffs on imported goods can help protect domestic industries by reducing foreign competition and generating government revenue. This can also encourage consumers to buy locally produced products, potentially reducing the trade deficit. However, it might lead to higher prices for consumers, potential retaliation from trade partners, and disruptions in global supply chains. Balancing these factors is crucial for effective economic policy.
AI: Thank you for sharing your perspective. Could you please tell me about a moment or event that made you start to feel this way? Was there a particular instance or article that influenced your viewpoint on this matter?
Participant: Reading about the 2018 steel tariffs shaped my view. They aimed to protect the U.S. steel industry, boosting production and jobs temporarily. However, they also led to higher costs for manufacturers and retaliatory tariffs on U.S. exports. This highlighted both the benefits and challenges of tariffs, influencing my perspective.
AI: That's very insightful. Now, on a scale of 1 to 10, with 1 being not strong at all and 10 being extremely strong, how firmly do you hold this opinion? And secondly, are there any arguments or circumstances that you think might change your mind about this?
Participant: 7
AI: Got it, a 7 indicates a fairly strong opinion. Now, could you share if there are any arguments or circumstances that might make you reconsider this stance?
Participant: Values and moral
AI: Can you provide any specific examples of values or moral concerns that might influence your perspective on these tariffs?
Participant: Economic Fairness: Protecting local jobs and industries from unfair competition.
National Security: Ensuring key industries remain stable and secure.
Supporting Workers: Safeguarding jobs and livelihoods.
Economic Sovereignty: Maintaining control over critical economic sectors.
Consumer Impact: Considering affordability and access for all consumers.
Participant: Somewhat good
Participant: Increasing tariffs on imported goods can help protect domestic industries by reducing foreign competition and generating government revenue. This can also encourage consumers to buy locally produced products, potentially reducing the trade deficit. However, it might lead to higher prices for consumers, potential retaliation from trade partners, and disruptions in global supply chains. Balancing these factors is crucial for effective economic policy.
Participant: Reading about the 2018 steel tariffs shaped my view. They aimed to protect the U.S. steel industry, boosting production and jobs temporarily. However, they also led to higher costs for manufacturers and retaliatory tariffs on U.S. exports. This highlighted both the benefits and challenges of tariffs, influencing my perspective.
Participant: 7
Participant: Values and moral
Participant: Economic Fairness: Protecting local jobs and industries from unfair competition.
National Security: Ensuring key industries remain stable and secure.
Supporting Workers: Safeguarding jobs and livelihoods.
Economic Sovereignty: Maintaining control over critical economic sectors.
Consumer Impact: Considering affordability and access for all consumers."
3312391F06C34DA6AEDCFC86CD3CFCC2,"AI: What do you think about increasing tariffs or fees on goods imported from trading partners to the United States?
Participant: I think increasing tariffs will help increase the Revenue generated by the government. This policy will also help prioritize local products and services

AI: That's an interesting viewpoint. How do you see increased tariffs paving the way for local products and services over imported goods? Could you provide some examples, if possible?
Participant: An example of this would be if the products imported are taxed a little more, this makes it more expensive and the alternative products which are locally produced become cheaper and more accessible, this way people's first choice will most likely be locally produced products.
AI: I see, thank you for providing that example. One more question, how confident are you with this belief about tariffs favoring local products? Have you considered possible downfalls or counter-arguments against this stance?
Participant: I think increasing tariffs will help increase the Revenue generated by the government. This policy will also help prioritize local products and services

Participant: An example of this would be if the products imported are taxed a little more, this makes it more expensive and the alternative products which are locally produced become cheaper and more accessible, this way people's first choice will most likely be locally produced products.
AI: I see, thank you for providing that example. One more question, how confident are you with this belief about tariffs favoring local products? Have you considered possible downfalls or counter-arguments against this stance?"
4618F665EB454209B4921FD07A6EB0A8,"AI: Overall, do you think increasing tariffs or fees on goods imported from trading partners will be good or bad for the United States?
Participant: Somewhat bad
AI: What makes you believe that increasing tariffs or fees on goods imported from trading partners will be somewhat bad for the United States? Can you share any specific reasons for your views?
Participant:  I’m not entirely in favor of the plan to increase tariffs.
AI: I value your perspective. Can you share more about why you're not completely in favor of increasing tariffs? Are there particular impacts or consequences you're concerned about?
Participant: The sudden changes in the tariffs are inappropriate, any adjustments should benefit both teams.
Participant: Somewhat bad
Participant:  I’m not entirely in favor of the plan to increase tariffs.
Participant: The sudden changes in the tariffs are inappropriate, any adjustments should benefit both teams."
EA65785B53C64598A1E91490788AC27B,"AI: Overall, do you think increasing tariffs or fees on goods imported from trading partners will be good or bad for the United States?
Participant: Good
AI: Can you explain in more detail why you believe increasing tariffs on imports will be good for the United States? What advantages do you see in this policy?
Participant: It will help to generate more revenue for our country and the United States dollar retains its value.
AI: That's an interesting perspective. Do you see any possible disadvantages or concerns with increasing tariffs and fees on imported goods? For instance, some people worry about potential retaliation from other countries, or increased costs for U.S. businesses and consumers. I'd love to hear your thoughts on this.
Participant: Those are just mare postulations, I don't see any of those happening
AI: Thanks for sharing your perspective. Even if you're firmly in favor of increased tariffs, do you think there's any room for compromise? Would you consider, for example, differentiated tariffs based on the trading partner's economic situation or foreign policy alignment with the U.S.?
Participant: Yes, there should be a room for compromise in some cases.
Participant: Good
Participant: It will help to generate more revenue for our country and the United States dollar retains its value.
Participant: Those are just mare postulations, I don't see any of those happening
Participant: Yes, there should be a room for compromise in some cases."
73C4B5DBE2AE41128591B97CA1517324,NA
46C36D77E4B247AE95721BC9779FE422,"AI: Overall, do you think increasing tariffs or fees on goods imported from trading partners will be good or bad for the United States?
Participant: Very bad
AI: Could you elaborate on why you believe increasing tariffs or fees on imported goods will be very bad for the United States? What are the specific reasons underlying your stance on this issue?
Participant: I think tariffs are bad because they will just raise the prices of goods for Americans.
AI: Thank you for your response. Can you share more about why you're concerned about the impact of tariffs on the cost of goods? Do you think there are any potential upsides to tariffs that could balance out the increase in prices, or do you believe the negatives outweigh any possible benefits?
Participant: I don't believe that the upside of tariffs will balance out the increase in price. Tariffs will only hurt Americans.
Participant: Very bad
Participant: I think tariffs are bad because they will just raise the prices of goods for Americans.
Participant: I don't believe that the upside of tariffs will balance out the increase in price. Tariffs will only hurt Americans."
B0D5D407EF3D44B3BE85F282D974C282,NA
A0AF40BE5A6445B58B94C637229FFFB8,"AI: What do you think about increasing tariffs or fees on goods imported from trading partners to the United States?
Participant: I think it is a good negotiating tactic to use to get what we want from other countries, but I believe it will be inflationary.
AI: Interesting viewpoint. Can you explain why you feel it's an effective negotiating tactic and how do you see it potentially leading to inflation?
Participant: It can be used as a negotiating tactic because many of our trading partners depend on us buying their goods.  If tariffs are high on their products, our consumers will not buy them.  So those partners can agree to issues our government brings up to keep their goods coming to us.  It could lead to inflation because either the prices of those imported good will go up because of tariffs, or consumers will have to buy products made here, with generally higher labor costs, leading to higher prices.
AI: Thank you for that detailed answer. It seems you believe that tariffs could exert sizable influence over our trading partners but it might also raise costs for the consumers. Do you think the potential gains from the negotiation outweigh the possible inflationary impact or do you lean towards the other direction? And how strongly do you hold this belief?
Participant: Yes, I think the potential gains from the negotiation outweigh the inflationary impact because I think those other countries need us to buy their goods more than we need to buy from them. I strongly believe that.
Participant: I think it is a good negotiating tactic to use to get what we want from other countries, but I believe it will be inflationary.
Participant: It can be used as a negotiating tactic because many of our trading partners depend on us buying their goods.  If tariffs are high on their products, our consumers will not buy them.  So those partners can agree to issues our government brings up to keep their goods coming to us.  It could lead to inflation because either the prices of those imported good will go up because of tariffs, or consumers will have to buy products made here, with generally higher labor costs, leading to higher prices.
Participant: Yes, I think the potential gains from the negotiation outweigh the inflationary impact because I think those other countries need us to buy their goods more than we need to buy from them. I strongly believe that."
1F7C736B047F40C381465D3293A13264,NA
C4C8821A33A147A1A2B9C19923CAC295,NA
6F75825C7F304DE1B8F1C2D1A5E72D75,NA
D74CA15F71E343BBAC84F9F8AEC659B1,NA
42BCA47C53F142E1A4E27E5D58D151B9,NA
2A3B5197D0414521B1BFF93DB4966950,"AI: Why hold this position on this issue?
Participant: tarriff will increase the living cost
Participant: tarriff will increase the living cost"
AE03BD921BA04B678DB67AD8AB70F41C,"AI: Overall, do you think increasing tariffs or fees on goods imported from trading partners will be good or bad for the United States?
Participant: Somewhat bad
AI: You mentioned that you think increasing tariffs or fees on goods imported from trading partners will be somewhat bad for the United States. Could you explain why you feel this way? Are there specific industries or aspects of the economy that you're concerned about?
Participant: Things will get expensive. I think all industries will be affected.
AI: You've mentioned that you worry about an increase in the cost of goods. Do you believe that this increase would outweigh any possible benefits that might arise from increased local production or protection of certain industries? Additionally, would you still support tariffs if it was established that certain domestic industries or jobs were being saved or created because of them?
Participant: I think it will outweigh any possible benefits. I would not support any type of tarrifs.
Participant: Somewhat bad
Participant: Things will get expensive. I think all industries will be affected.
Participant: I think it will outweigh any possible benefits. I would not support any type of tarrifs."
3D7E5E51E8D34A0D9EF85BB85DFCD54F,NA
90B9FA79EFF949398C420FAD105D6814,NA
E16872CCF3884C5E80711ABFE6181DD6,NA
7AC65700E5BE449EBFD7B23CC0AA2BF7,"AI: Overall, do you think increasing tariffs or fees on goods imported from trading partners will be good or bad for the United States?
Participant: Very bad
AI: I appreciate your perspective. Can you share more about why you believe increasing tariffs or fees on imported goods would be very bad? What specific outcomes or impacts are you concerned about?
Participant: I dont think the other countries are going to like how their products are going to be getting taxed when they come into the U.S. I think everything in America is going to go up in price 
AI: I understand your concern. Can you expand on why the potential increase in prices worries you and how you think this could potentially impact American consumers or industries?
Participant: America's economy for the public is already bad enough and people are struggling to pay rent and put food on the table as it is.
Participant: Very bad
Participant: I dont think the other countries are going to like how their products are going to be getting taxed when they come into the U.S. I think everything in America is going to go up in price 
Participant: America's economy for the public is already bad enough and people are struggling to pay rent and put food on the table as it is."
AD74241031EB4BCF826C4C7729974FA4,NA
5B0F0BF6341B4AA08153C9C4F945EC86,"AI: What do you think about increasing tariffs or fees on goods imported from trading partners to the United States?
Participant: I am not looking forward to potentially taking on that financial cost because of rising costs then on future foreign bought goods

AI: That's interesting. You mentioned about not looking forward to bearing potential financial costs due to rising prices of goods. Can you elaborate a bit on how you see these increased tariffs impacting your personal financial situation? Are there particular foreign goods you often purchase that you are concerned about?
Participant: well i buy from a few overseas retailers because they are extremely cheap and surely that will increase prices

AI: I see, purchasing from overseas retailers has a significant role in your shopping habits due to affordability. After taking into consideration the potential increase in prices from tariffs, do you think you would continue to buy from these same retailers, or would it make you reconsider your choices in shopping?
Participant: Probably not if they become just as pricey as american made companies

AI: Understandable. It sounds like the cost is a vital factor for you while making purchasing decisions. If the prices of the goods from overseas retailers increase to the level of American made products, do you think you would prefer local products more? Or are there other factors that might influence your preference?
Participant: cost and quality are the only things i am concerned with
Participant: I am not looking forward to potentially taking on that financial cost because of rising costs then on future foreign bought goods

Participant: well i buy from a few overseas retailers because they are extremely cheap and surely that will increase prices

Participant: Probably not if they become just as pricey as american made companies

Participant: cost and quality are the only things i am concerned with"
5AD3AFFE36B745C49727022D0FA08094,NA
8A3FAD95A290488DA9CB1EEBE63791ED,"AI: Why hold this position on this issue?
Participant: Tariffs have never had a good impact on the economy.
Participant: Tariffs have never had a good impact on the economy."
95F7C59FBF094A7FBE82790C188F6784,"AI: What do you think about increasing tariffs or fees on goods imported from trading partners to the United States?
Participant: I think it's silly

AI: You've mentioned that you think it's ""silly"". Can you help me understand why you believe increasing tariffs or fees on imported goods is not a good idea? Are there specific reasons or experiences that have led you to this opinion?
Participant: Yes, I think it angers our trade partners and it will make goods more expensive for US consumers
AI: I see, you're concerned that increasing tariffs may strain relationships with trade partners and lead to an inflation in goods prices. Could you expand a little more on why you think this might negatively impact the US consumers specifically? And do you believe there's a threshold or a limit to these tariffs before it starts causing harm?
Participant: I think that tariff costs will be passed down to the consumer, yes. That's logical. I do not believe there's a threshold. Any increase in cost for the exporter will be passed down to the consumer.
AI: Understandably, you're saying an increase in tariffs will directly impact the consumer prices, as exporters would pass down the increased costs. Would there be any sort of circumstance or outcome that might influence your perspective on the idea of increasing tariffs or fees on import goods? For example, a counter-argument, or a certain situation?
Participant: No
Participant: I think it's silly

Participant: Yes, I think it angers our trade partners and it will make goods more expensive for US consumers
Participant: I think that tariff costs will be passed down to the consumer, yes. That's logical. I do not believe there's a threshold. Any increase in cost for the exporter will be passed down to the consumer.
Participant: No"
72EC56748BEE4E6FA6FFFAC69B9F4D76,NA
B222A449B5764EC3838ADB6E102FA35D,NA
CA24C64A381340B9A517C198AD241F5A,"AI: Why hold this position on this issue?
Participant: Well I say we need the money.
Participant: Well I say we need the money."
128316E57AC34D79B73C1B6A383D7697,NA
5FF888CC8DF64030A242B91BCBB094B2,"AI: Overall, do you think increasing tariffs or fees on goods imported from trading partners will be good or bad for the United States?
Participant: Somewhat bad
AI: Can you elaborate on why you think increasing tariffs or fees on goods imported from trading partners is somewhat detrimental? What impact do you think it might have on US businesses or consumers?
Participant: it could lead to higher prices for goods
AI: It's true that tariffs can sometimes result in higher prices for consumers. How significantly do you believe these higher prices will affect the average American? And do you think the potential benefits, such as protecting domestic industries, might offset these drawbacks, or not?
Participant: depending on the goods, it could be significant for the average American.  I like the idea of protecting domestic industries, but not if it increases the cost of goods substantially
Participant: Somewhat bad
Participant: it could lead to higher prices for goods
Participant: depending on the goods, it could be significant for the average American.  I like the idea of protecting domestic industries, but not if it increases the cost of goods substantially"
F5A7B058BC564F70856C55CA1B01B8AF,"AI: Why hold this position on this issue?
Participant: more income
Participant: more income"
9B1D819C36344D3F93926468412F9032,"AI: What do you think about increasing tariffs or fees on goods imported from trading partners to the United States?
Participant: I think increasing to a moderate amount is reasonable
AI: Thank you for your response. Could you please explain why you believe a moderate increase in tariffs on imported goods is reasonable? What benefits do you see in taking this action?
Participant: I guess too much import could undermine economy in the US and decrease job opportunities. Sometimes it is also hard to guarantee quality of imports. So I guess raising tariff a little could boost economy and ensure safety of products
AI: That's an interesting perspective. What leads you to believe that too much import could undermine the US economy and decrease job opportunities? And how do you see the potential trade-off between increased tariffs and product availability or price for consumers?
Participant: I guess if people use more of the imported products they use less of the ones made in the USA. And similarly if products are imported from abroad, it reduced the production of the same product here which then lead to decreased jobs. I definitely think raising tariff too high is not good because people would be unable to afford things and product availability could decrease.
Participant: I think increasing to a moderate amount is reasonable
Participant: I guess too much import could undermine economy in the US and decrease job opportunities. Sometimes it is also hard to guarantee quality of imports. So I guess raising tariff a little could boost economy and ensure safety of products
Participant: I guess if people use more of the imported products they use less of the ones made in the USA. And similarly if products are imported from abroad, it reduced the production of the same product here which then lead to decreased jobs. I definitely think raising tariff too high is not good because people would be unable to afford things and product availability could decrease."
6A97FE7E9A0241C08828E4829A1083A6,"AI: Why hold this position on this issue?
Participant: It is what I believe
Participant: It is what I believe"
9C8064431E6F40B7A228D800BCB7690E,"AI: Why hold this position on this issue?
Participant: The increase will ensure that the other countries follow the agreed demands to ensure that quality of the product is met.
Participant: The increase will ensure that the other countries follow the agreed demands to ensure that quality of the product is met."
CC69749F7D04498DAB40269A5E04CD66,"AI: Why hold this position on this issue?
Participant: It will make products cost more for consumers

Participant: It will make products cost more for consumers
"
BB6C4EF370074AFE9CF9140B1C7631F3,"AI: Why hold this position on this issue?
Participant: It would bring about an unhealthy competition for market
Participant: It would bring about an unhealthy competition for market"
1356074AB0944015B670CC9A8277CBD3,NA
140BB3DAA65643E08BC5E8FC688900A9,"AI: Overall, do you think increasing tariffs or fees on goods imported from trading partners will be good or bad for the United States?
Participant: Neither good nor bad
AI: Can you elaborate on why you believe that increasing tariffs or fees on imported goods would have neither a positive nor negative impact on the United States? What leads you to feel this way?
Participant: I don't know enough about this topic to give a good answer.
AI: That's perfectly okay! Would you say that you're open to learning more about the impacts of these economic policies, or do you generally feel indifferent towards topics like this?
Participant: I am open to learning, but honestly I feel indifferent.
Participant: Neither good nor bad
Participant: I don't know enough about this topic to give a good answer.
Participant: I am open to learning, but honestly I feel indifferent."
037F5EAAEB454F659416D1BCBD6F15C8,"AI: Why hold this position on this issue?
Participant: I read a tweet recently about how increased tariffs will make products less affordable for people?
Participant: I read a tweet recently about how increased tariffs will make products less affordable for people?"
94F8CDD518D444A18C1F5FFAAFBBBAC1,"AI: Why hold this position on this issue?
Participant: Sometimes I feel the US is being taken advantage of by other countries
Participant: Sometimes I feel the US is being taken advantage of by other countries"
DD2A13B9CE5847C1B2C0259D151E67FD,"AI: Why hold this position on this issue?
Participant: I am not too sure but it feels like the costs for us will also go up and life is already too expensive as it is.
Participant: I am not too sure but it feels like the costs for us will also go up and life is already too expensive as it is."
FCED92DF16EE4B5797FF75FFBBDD562D,"AI: What do you think about increasing tariffs or fees on goods imported from trading partners to the United States?
Participant: i do not support
AI: I see that you don't support increasing tariffs or fees on imported goods. Could you help me to understand your specific reasons for this position? And, would you be open to considering different perspectives on this issue?
Participant: this is because the country isn't well endowed with natural resources to produce the right amount we need to sustain the economy
AI: Thanks for delving further into your viewpoint. I would like to understand more clearly: Are you saying that the U.S. economy is dependent on goods imported because of a lack of sufficient domestic resources? Additionally, could you explore how this belief might shape your opinions on similar economic issues?
Participant: yes , my belief might shape my opinions cause i strongly believe in facts
Participant: i do not support
Participant: this is because the country isn't well endowed with natural resources to produce the right amount we need to sustain the economy
Participant: yes , my belief might shape my opinions cause i strongly believe in facts"
30C0D5A4022E4B2CA2608312FDCDF96B,NA
21C9CCA31AAC4871AF17A99AF86F6B8B,"AI: Why hold this position on this issue?
Participant: Because some jobs would come back to the US.
Participant: Because some jobs would come back to the US."
3F4F2AF9A4B640B78DEA8846F2249BAD,"AI: Why hold this position on this issue?
Participant: Because it will be higher costs
Participant: Because it will be higher costs"
6977D45C374747D3AE4F6A8EFC5CA4A2,"AI: What do you think about increasing tariffs or fees on goods imported from trading partners to the United States?
Participant: It seems like a terrible idea. The extra costs will be passed on to the consumers.
AI: Could you elaborate more on why you believe increasing tariffs will result in higher costs for consumers? Can you also share what particular goods or sectors you think would be most affected by this policy and why?
Participant: Because retailers are not going to absorb the tariff costs. Prices of goods of goods will increase. The would apply to imports from countries with tariffs.
AI: Can you expound on how you think this increase in prices might affect the behavior of consumers? Could you also shed more light on which types of consumers you think would be most impacted by these increased costs and why?
Participant: Retailers will raise prices. Consumers will pay higher prices. American consumers will be impacted,
Participant: It seems like a terrible idea. The extra costs will be passed on to the consumers.
Participant: Because retailers are not going to absorb the tariff costs. Prices of goods of goods will increase. The would apply to imports from countries with tariffs.
Participant: Retailers will raise prices. Consumers will pay higher prices. American consumers will be impacted,"
4597AE9407194C0D815B07CB3BD3F2FB,NA
D9C237436DD24E32AEBDE2D21646E875,"AI: Overall, do you think increasing tariffs or fees on goods imported from trading partners will be good or bad for the United States?
Participant: Somewhat good
AI: Thank you for your response. Could you help me understand a bit more about why you believe increasing tariffs or fees on goods imported will be somewhat good for the United States? Are there certain sectors or situations that you are thinking of when forming this opinion? Also, how firm is your belief on this matter?
Participant: My belief is soft on this matter. I believe this could be somewhat good because it will bring in more money for the country but it could backfire in other ways.
AI: I see. So you're considering the potential financial benefit for the country. However, you also noted that there could be repercussions. Could you elaborate on what kind of backlash you're thinking about? I'm interested in understanding this balance you're considering more fully.
Participant: As a result, it could impact demand, which would affect supply which can have an impact on jobs, which directly impacts the life of those that work in plants that create or deal with the raw materials. It goes on.
Participant: Somewhat good
Participant: My belief is soft on this matter. I believe this could be somewhat good because it will bring in more money for the country but it could backfire in other ways.
Participant: As a result, it could impact demand, which would affect supply which can have an impact on jobs, which directly impacts the life of those that work in plants that create or deal with the raw materials. It goes on."
61A13B482CA74777A9B903EA74B0E610,NA
F9E998D1F7FD4763BA48455B0A2AF97F,"AI: Overall, do you think increasing tariffs or fees on goods imported from trading partners will be good or bad for the United States?
Participant: Very bad
AI: Thanks for your reply. Can you share more about why you think increasing tariffs or fees on goods imported would be very bad for the United States? What are the potential negative impacts you foresee? Are there any particular industries or sectors you think would be particularly affected by this?
Participant: In theory it sounds like a good idea but will only hurt the people via increased costs.
AI: That's an important point, the potential impact on consumers through increased costs. Do you think there might be any benefits at all to increasing tariffs, or is it overall a negative strategy in your perspective? Your thoughts on how the strategy might affect domestic producers versus consumers could be particularly enlightening.
Participant: I believe it will mostly have a negative impact on the country.
Participant: Very bad
Participant: In theory it sounds like a good idea but will only hurt the people via increased costs.
Participant: I believe it will mostly have a negative impact on the country."
68A816989FB740A2A58083359A32BDA1,NA
61C8BF1351304DC0A3E65C533A584251,"AI: Why hold this position on this issue?
Participant: I don't know anything about tariffs, so I can't really have a strong stance on that topic.
Participant: I don't know anything about tariffs, so I can't really have a strong stance on that topic."
2A1981939AC645E9A366B1632F22F230,"AI: Overall, do you think increasing tariffs or fees on goods imported from trading partners will be good or bad for the United States?
Participant: Neither good nor bad
AI: Could you please help me understand why you think increasing tariffs or fees on goods from trading partners will be neither good nor bad for the United States? Are there specific reasons or experiences that shape your view on this topic?
Participant: Good or bad both
AI: Thank you for your response. It sounds like there are aspects of this issue you see as both positive and negative. Could you elaborate on what specific benefits or drawbacks you see in increasing tariffs or fees on imported goods? This will help to further understand your perspective.
Participant: None
Participant: Neither good nor bad
Participant: Good or bad both
Participant: None"
28F869D60F8A42C8A5B4C6B340B82888,"AI: Why hold this position on this issue?
Participant: Importers who pay the tariff will pass the tariff cost onto the consumer, resulting in higher prices. Countries on which the tariffs are placed could respond in kind, causing American businesses to suffer due to lower exports.
Participant: Importers who pay the tariff will pass the tariff cost onto the consumer, resulting in higher prices. Countries on which the tariffs are placed could respond in kind, causing American businesses to suffer due to lower exports."
BF4C34D4047C4C9CB0790237C8A0F57A,"AI: What do you think about increasing tariffs or fees on goods imported from trading partners to the United States?
Participant: I think it's a bad idea
AI: Can you elaborate on why you believe increasing tariffs or fees on goods imported from trading partners is a bad idea? Also, what is the intensity of your feeling towards this issue—if say, on a scale of 1-10 with 10 being the strongest?
Participant: It is bad for the economy, will increase inflation and prices of goods
AI: Yes, you mentioned the risk to the economy and the potential for inflation and price increases. Can you share any specific instances, studies, or personal experiences that have shaped this belief for you? Also, how receptive would you be to counter-arguments or other perspectives regarding this policy?
Participant: That is the opinion of many prominent economists
Participant: I think it's a bad idea
Participant: It is bad for the economy, will increase inflation and prices of goods
Participant: That is the opinion of many prominent economists"
F5FDC6DC336444FAA9A4012E0F66D095,"AI: Why hold this position on this issue?
Participant: I think foreign countries have been treated more than fairly and it's time our country receives some of the benefits that tariffs would bring.
Participant: I think foreign countries have been treated more than fairly and it's time our country receives some of the benefits that tariffs would bring."
98C9A51E4BF842C78957693EF843F947,"AI: Why hold this position on this issue?
Participant: The cost of things are going to go up greatly.
Participant: The cost of things are going to go up greatly."
572FE1500CD548A69E50538370F9CD95,"AI: What do you think about increasing tariffs or fees on goods imported from trading partners to the United States?
Participant: I think it's bad, from what I've seen and heard it's costing jobs for people here.
AI: Could you elaborate on how exactly you believe increased tariffs are impacting jobs here? Specifically, are there certain industries or job categories you think are more affected?
Participant: Mining jobs I believe are being affected, I saw something about layoffs recently in PA
AI: Thank you for that example. Can you tell me more about how you connect increased tariffs with these layoffs in the mining industry? Do you believe this is a direct consequence or is there other information that's influenced your view?
Participant: I believe it is a direct consequence from what I've heard but I need to do more research on my own.
Participant: I think it's bad, from what I've seen and heard it's costing jobs for people here.
Participant: Mining jobs I believe are being affected, I saw something about layoffs recently in PA
Participant: I believe it is a direct consequence from what I've heard but I need to do more research on my own."
B4C2801910A4437E86A6FFE31337C252,NA
6A22EB1922D34EE3A44ABB69B5A337AC,"AI: Why hold this position on this issue?
Participant: It will make trade more difficult and increase prices on the goods.
Participant: It will make trade more difficult and increase prices on the goods."
77842467E6EF4794A382EE5054ED86AE,"AI: What do you think about increasing tariffs or fees on goods imported from trading partners to the United States?
Participant: I am not sure, if it helps in some way then okay
AI: Can you elaborate on what you mean by ""if it helps in some way""? What specific circumstances or outcomes might make you more supportive of increasing tariffs or fees on imported goods?
Participant: If it benefits the USA, making it easier for us and not other countries
AI: Could you clarify what you mean by ""making it easier for us and not other countries""? Do you mean benefiting the American economy or something else? Also, in what ways do you believe imposing tariffs might benefit the USA?
Participant: Yes the economy for one. If it means our prices can go down
Participant: I am not sure, if it helps in some way then okay
Participant: If it benefits the USA, making it easier for us and not other countries
Participant: Yes the economy for one. If it means our prices can go down"
30A878EF679F4E25BBE0E88D6CAE8F44,"AI: Why hold this position on this issue?
Participant: Put us on an even playing field with nations that don't play by the same rules
Participant: Put us on an even playing field with nations that don't play by the same rules"
AE5BB3054A9A46FABF7249C579A08B44,"AI: Why hold this position on this issue?
Participant: I do not know enough about the impact of tariffs
Participant: I do not know enough about the impact of tariffs"
3C62D160F9E4439C8B3AB2012A60E570,"AI: Overall, do you think increasing tariffs or fees on goods imported from trading partners will be good or bad for the United States?
Participant: Very good
AI: You indicated that you believe increasing tariffs or fees on goods imported from other countries will be very good for the United States. Could you help me understand what factors or experiences have led you to this belief?
Participant: we have offshored too many middle class jobs in the name of cheap goods. I believe some tariffs will return those jobs to the USA, elevating workers and the economy

AI: You have pointed out an important issue about offshoring and the middle class jobs. Could you share more on your thoughts about how implementing such tariffs could lead directly to the return of those jobs? And are there any potential consequences or trade-offs that concern you, or do you see the overall impact as positive?
Participant: I think that in areas where it doesn't prove beneficial, the tariffs would be reduced- in areas where the industry is on the brink, it could save thousands of jobs
Participant: Very good
Participant: we have offshored too many middle class jobs in the name of cheap goods. I believe some tariffs will return those jobs to the USA, elevating workers and the economy

Participant: I think that in areas where it doesn't prove beneficial, the tariffs would be reduced- in areas where the industry is on the brink, it could save thousands of jobs"
50702036006D4A2EB5A1D51F641BEF19,"AI: What do you think about increasing tariffs or fees on goods imported from trading partners to the United States?
Participant: I think in the long run, it might help america's manufacturing sector but in the short term, it will hurt consumers
AI: Thank you for sharing your thoughts. You mentioned a potential benefit for the manufacturing sector in the long term and an immediate drawback for consumers. Could you elaborate more on why you think this way? What are the specific impacts you envision on both the manufacturing sector and consumers?
Participant: I think the goal is for us to rely not on foreign manufacturing but us should supply its own products
AI: You hold a perspective that echoes autarky - the goal to be self-sufficient in supply. Could you share more about why you hold this perspective? Is it due to economic reasons, a belief in supporting local industries, national security, or something else? And do you think this is achievable in reality? Can every country afford to do this?
Participant: it obvious that we rely heavily on china for these goods and china and us don't have the best relationship
AI: It's understandable that you see the reliance on China for goods as potentially problematic given the relationship between the two nations. Do you think that reducing this reliance would improve the U.S.-China relationship, or are there other motivations behind this perspective? Could you also share some specific examples or scenarios that led you to this stance?
Participant: I'm not sure. if there's instability then our supply chain would be lost
AI: You brought up a crucial point about the possible risk of supply chain disruption due to instability. Are there certain sectors or goods imported from China that you're particularly concerned about? Could you also talk about how you think this vulnerability affects your view on tariffs and trade policy?
Participant: I think us should product its own products and not rely on cheap stuff from China.
Participant: I think in the long run, it might help america's manufacturing sector but in the short term, it will hurt consumers
Participant: I think the goal is for us to rely not on foreign manufacturing but us should supply its own products
Participant: it obvious that we rely heavily on china for these goods and china and us don't have the best relationship
Participant: I'm not sure. if there's instability then our supply chain would be lost
Participant: I think us should product its own products and not rely on cheap stuff from China."
0D5E96581BE1461D9374D0A8ADDBE6BB,"AI: What do you think about increasing tariffs or fees on goods imported from trading partners to the United States?
Participant: Bad idea
AI: Thank you for your response. Could you expand on why you believe that increasing tariffs or fees on imported goods is a bad idea? Are there particular consequences or implications that concern you?
Participant: The consumer will pay for the increase.
AI: I understand, so you're concerned about the impact on consumers. Could you describe further how you believe this policy may affect consumers and the overall economy? More specifically, in which sectors do you think the effect could be most significant?
Participant: In retail prices
AI: Yes, the retail sector could be affected. With higher tariffs potentially leading to higher retail prices, do you believe this could lead to a decrease in consumer spending and potentially impact job growth? Are there other potential ripple effects in the economy that concern you?
Participant: It would lead to a recession.
AI: I see you're worried about potential economic downturns. Given your strong opinions about this, would you be open to hearing counter-arguments that might suggest tariffs could be beneficial in certain aspects, such as industrial growth or trade balance?
Participant: No
Participant: Bad idea
Participant: The consumer will pay for the increase.
Participant: In retail prices
Participant: It would lead to a recession.
Participant: No"
FDC65C5F8DCB4731B5953C1745FC9696,"AI: Why hold this position on this issue?
Participant: Because it will mean higher taxes for all Americans who buy these products.  As if our tax system wasn't opaque already, now you want to hide another tax and call it a tariff.  Increased trade with other countries is good for everyone, but decreased trade is bad for everyone.  I assume the threat of tariffs is just a bargaining position, don't we have larger issues in this country?
Participant: Because it will mean higher taxes for all Americans who buy these products.  As if our tax system wasn't opaque already, now you want to hide another tax and call it a tariff.  Increased trade with other countries is good for everyone, but decreased trade is bad for everyone.  I assume the threat of tariffs is just a bargaining position, don't we have larger issues in this country?"
12F23B10596B489F8AF63831720791A0,"AI: What do you think about increasing tariffs or fees on goods imported from trading partners to the United States?
Participant: I think that does more harm than good.
AI: Thank you for sharing your view. Could you elaborate on why you think increasing tariffs does more harm than good? What specific consequences concern you?
Participant: We rely more on other countries than some would think and I think increasing tariffs would be the start of bad relations and therefore an increase in prices nationwide.
AI: It's insightful to hear you linking tariffs with international relations and the impact on pricing. Can you further expand on your thoughts: how do you see the increase in tariffs potentially impacting our relationships with trading partners? And, how do you think it could affect consumer behaviors?
Participant: If we do tariffs on a country, that country may feel the need to do a tariff back at us because we reply on their exports as well. It's like fighting fire with fire, it wouldn't end well for either country and if we can't come to an agreement then we'll have less product and less product means higher prices.
Participant: I think that does more harm than good.
Participant: We rely more on other countries than some would think and I think increasing tariffs would be the start of bad relations and therefore an increase in prices nationwide.
Participant: If we do tariffs on a country, that country may feel the need to do a tariff back at us because we reply on their exports as well. It's like fighting fire with fire, it wouldn't end well for either country and if we can't come to an agreement then we'll have less product and less product means higher prices."
D96BE663FF364DE4B822B4E51E343663,NA
333E1A6198C24C9999D0FB9EF92BBAF1,"AI: Why hold this position on this issue?
Participant: Because Trump is a moron who doesn't seem to understand who pays for the costs of increased tariffs.
Participant: Because Trump is a moron who doesn't seem to understand who pays for the costs of increased tariffs."
470B1E0E71A3465181D73DDA83E66D55,"AI: Why hold this position on this issue?
Participant: Sometimes increasing tariffs is a good thing. But other times it can be a bad thing. I don't agree on increasing tariffs across the board. But if used for certain countries for specific things I think is a good thing.
Participant: Sometimes increasing tariffs is a good thing. But other times it can be a bad thing. I don't agree on increasing tariffs across the board. But if used for certain countries for specific things I think is a good thing."
885E2145A9584D85A010E2AB2F7C8199,"AI: Overall, do you think increasing tariffs or fees on goods imported from trading partners will be good or bad for the United States?
Participant: Somewhat bad
AI: You mentioned that you think increasing tariffs on imported goods would be somewhat bad. Can you share a bit more about why you feel this way? Are there specific effects of such increases that concern you?
Participant: Punitive tariffs do more harm than good, they raise the costs on goods and place that burden on everyday Americans

AI: I understand where you're coming from. So, you are suggesting that one of your concerns is that these increased costs will be passed down to consumers, increasing the price of goods for everyday Americans. Can you think of any scenarios where increasing tariffs might be beneficial? Or do you think they are generally a bad idea?
Participant: Increased tariffs could reduce dependence on foreign made goods and incentivize local manufacturing, but only if that manufacturing is already in place.  If there is no way to buy American made goods and there's a tariff on foreign goods, US consumers are the ones that are punished, not the other countries
Participant: Somewhat bad
Participant: Punitive tariffs do more harm than good, they raise the costs on goods and place that burden on everyday Americans

Participant: Increased tariffs could reduce dependence on foreign made goods and incentivize local manufacturing, but only if that manufacturing is already in place.  If there is no way to buy American made goods and there's a tariff on foreign goods, US consumers are the ones that are punished, not the other countries"
76555D591C8B42DEA182443FD845CD8D,"AI: What do you think about increasing tariffs or fees on goods imported from trading partners to the United States?
Participant: I think that would cause prices for all goods to go up.
AI: You mentioned that increasing tariffs could potentially raise the prices of goods. Could you please elaborate a bit more on why you believe this would happen and how you think it might impact consumers like yourself?
Participant: It would cost more for overseas companies to ship their products over to us. This may increase the costs of goods. Supply may also be lower due to these tariffs causing inflation of prices.
AI: You've outlined a potential scenario where increased tariffs could lead to inflated prices due to raised shipping costs and lower supply. In your opinion, do you think that this could have any potential benefits for domestic industries or workers?
Participant: I can see domestic industries and workers making more money by having more work.
AI: Thanks for sharing your thoughts. You seem to be covering both sides of the argument, mentioning potential price inflation for consumers, and potential benefits for domestic industries and workers. In light of this, would you say that you lean more towards viewing tariffs as a positive policy, a negative one, somewhere in between, or perhaps you're still unsure?
Participant: I still view raising tariffs as a negative impact on our economy.
AI: Alright, you've given thoughtful reasons about potential negative repercussions of raising tariffs. Do you foresee a scenario where you might change your opinion about tariffs, or do you feel quite firm in this stance?
Participant: If inflation goes down, and prices for goods is stable I will change my opinion.
Participant: I think that would cause prices for all goods to go up.
Participant: It would cost more for overseas companies to ship their products over to us. This may increase the costs of goods. Supply may also be lower due to these tariffs causing inflation of prices.
Participant: I can see domestic industries and workers making more money by having more work.
Participant: I still view raising tariffs as a negative impact on our economy.
Participant: If inflation goes down, and prices for goods is stable I will change my opinion."
6301BDF536B749699E35C748DB6421FD,"AI: Why hold this position on this issue?
Participant: It will drive up cost for a lot of products for us Americans.
Participant: It will drive up cost for a lot of products for us Americans."
DAED52129A83442DBF9E194768FF84A8,"AI: Overall, do you think increasing tariffs or fees on goods imported from trading partners will be good or bad for the United States?
Participant: Very bad
AI: It seems you feel strongly that increasing tariffs would be detrimental. Could you please detail your thoughts on how this policy would impact the United States?
Participant: We're already struggling with abused food prices, most people wouldn't be able to live if they were increased more
AI: You mentioned an important point about living costs. Are you suggesting that increased tariffs would directly affect the prices of imported goods, further burdening consumers?
Participant: Yes it would be absolutely horrendous decision
Participant: Very bad
Participant: We're already struggling with abused food prices, most people wouldn't be able to live if they were increased more
Participant: Yes it would be absolutely horrendous decision"
476B03B34AF14CB0A5B1318A8C46DF1A,NA
061A98531288445F84C2A3917634194A,NA
26F7A2A863BB4614BE5FFA3C7EB8F53D,"AI: What do you think about increasing tariffs or fees on goods imported from trading partners to the United States?
Participant: Increasing tariffs can protect domestic industries and reduce trade imbalances but may lead to higher consumer prices, supply chain disruptions, and strained international relations. While beneficial in the short term, they can have long-term economic downsides if not managed carefully.
AI: Could you elaborate more on the short-term benefits you mentioned earlier? Could you also share what you believe constitutes careful management of trade tariffs to curb those potential long-term downside?
Participant:  tariffs can protect domestic industries, boost local employment, and reduce trade imbalances by making imported goods more expensive. Careful management involves targeting unfair trade practices, avoiding broad tariff increases, and engaging in diplomatic discussions to prevent retaliation. Monitoring the impact of tariffs and adjusting them as needed, along with supporting local industries and consumers, can help balance short-term benefits while minimizing long-term economic harm.
AI: You mentioned the need for diplomatic discussions to prevent retaliation. Could you speak more to what you see as the ideal approach to these discussions and how they might be structured to best prevent retaliation?
Participant: The ideal approach to trade discussions involves open communication, clear objectives, multilateral or bilateral dialogue, and flexibility. Engaging stakeholders and focusing on fair solutions can build trust, prevent retaliation, and ensure stable trade relationships.
Participant: Increasing tariffs can protect domestic industries and reduce trade imbalances but may lead to higher consumer prices, supply chain disruptions, and strained international relations. While beneficial in the short term, they can have long-term economic downsides if not managed carefully.
Participant:  tariffs can protect domestic industries, boost local employment, and reduce trade imbalances by making imported goods more expensive. Careful management involves targeting unfair trade practices, avoiding broad tariff increases, and engaging in diplomatic discussions to prevent retaliation. Monitoring the impact of tariffs and adjusting them as needed, along with supporting local industries and consumers, can help balance short-term benefits while minimizing long-term economic harm.
Participant: The ideal approach to trade discussions involves open communication, clear objectives, multilateral or bilateral dialogue, and flexibility. Engaging stakeholders and focusing on fair solutions can build trust, prevent retaliation, and ensure stable trade relationships."
4B21D4F3BA264D51A1AA27A86162388F,NA
B358635031B243F2B120C12830134283,"AI: Why hold this position on this issue?
Participant: I think it will force companies to open here.
Participant: I think it will force companies to open here."
11D2892C99004300A2F612C45A7D8A18,"AI: Overall, do you think increasing tariffs or fees on goods imported from trading partners will be good or bad for the United States?
Participant: Somewhat good
AI: I appreciate your perspective. Could you explain more specifically why you think that increasing tariffs or fees on imported goods might be somewhat good for the United States? What benefits or positive outcomes do you foresee?
Participant: It'll make things cost more in the short term but I think foreign countries need to respect us.
AI: Thanks for your response. When you mention ""foreign countries need to respect us"", could you clarify how you think increased tariffs could influence respect for the U.S. from these countries?
Participant: They won't take advantage of us in a completely free market, a completely free market that's tariff free would be beneficial to consumers in the short term but detrimental to a country's economy in the long term.
AI: I understand that you believe tariffs could protect the U.S. economy from potential long-term effects of a completely free market. How confident are you in this belief? Are there any possible drawbacks to these tariffs that you might also be considering?
Participant: Completely confident. Short term economic impact on consumers.
Participant: Somewhat good
Participant: It'll make things cost more in the short term but I think foreign countries need to respect us.
Participant: They won't take advantage of us in a completely free market, a completely free market that's tariff free would be beneficial to consumers in the short term but detrimental to a country's economy in the long term.
Participant: Completely confident. Short term economic impact on consumers."
A566D96E92CD4E638F817DDE8A1F57D9,NA
8AD75A0E739F472780FCF6D389C4D333,"AI: What do you think about increasing tariffs or fees on goods imported from trading partners to the United States?
Participant: I think in the short term its going to be fairly oppressive to the people because it is going to raise cost on our items, but I think maybe there is potential that in the long run it will decrease prices as well, but if it doesn't it is not a good thing

AI: That's a nuanced perspective. You've touched on the potential short-term and long-term effects of this policy. Could you elaborate on why you believe that raising tariffs might initially increase costs of goods but potentially decrease them in the long run? In addition, in which circumstances would you view this policy as good or bad?
Participant: It will increase cost because since we are raising tariffs, companies will want to still make the same profit, thus raising prices for the customers, and this goes to say towards any industry where profit exist. However, in the long run, we might build a better relationship and the tariffs might lead to better use of our own resources which may decrease prices. It is only a good policy if there are economical benefits that stem from it
AI: I see, so you're saying that the initial raise in tariffs could push companies to increase prices to maintain their profit margins. However, you also mention that there could be potential long-term benefits like improved international relationships or more efficient use of domestic resources. Could you talk a bit more about why you think efficient use of our own resources might come as a result of this? Also, could you provide some examples of what sort of economical benefits that this might bring about for you to consider it a good policy?
Participant: I think this may become a result of it because we as a nation will not be able to afford these upcharge in fees, and inflation and poverty will flourish, and because of this we will have to learn to use less to make more and in this way we may figure out a system that makes things economically affordable again. Again, prices lowering would be a good enough benefit to make it a good policy, lowered prices, less inflation, more to help the poor, etc.
Participant: I think in the short term its going to be fairly oppressive to the people because it is going to raise cost on our items, but I think maybe there is potential that in the long run it will decrease prices as well, but if it doesn't it is not a good thing

Participant: It will increase cost because since we are raising tariffs, companies will want to still make the same profit, thus raising prices for the customers, and this goes to say towards any industry where profit exist. However, in the long run, we might build a better relationship and the tariffs might lead to better use of our own resources which may decrease prices. It is only a good policy if there are economical benefits that stem from it
Participant: I think this may become a result of it because we as a nation will not be able to afford these upcharge in fees, and inflation and poverty will flourish, and because of this we will have to learn to use less to make more and in this way we may figure out a system that makes things economically affordable again. Again, prices lowering would be a good enough benefit to make it a good policy, lowered prices, less inflation, more to help the poor, etc."
2A0291AD208D453495F466FD48B9962B,NA
74901D2ADE564603BE59D28A55952B5C,"AI: What do you think about increasing tariffs or fees on goods imported from trading partners to the United States?
Participant: Bad idea. It limits what we can purchase and makes things more expensive and harder to acquire.
AI: Interesting. Could you tell me more about why you think increasing tariffs makes goods harder to acquire and more expensive? Do you have any specific examples in mind where this has happened?
Participant: Many goods are made in China and even if I was not Asian, it would upset me to have to pay higher prices for American goods. I also like Asian culture such as food and cartoons and video games and would like to keep experiencing them for regular prices. Things are expensive as is.
AI: It sounds like your personal interest in various Asian products plays a role in your opinion on tariffs. Apart from the possibility of inflated prices, are there any other reasons why you see an increase in tariffs as a bad thing? And how strong would you say your opinion on this is? Would you be open to counter-arguments or different perspectives on this policy?
Participant: China simply wants to do business with us and we really shouldn't be upsetting other countries. I am open to counter arguments but it would be hard to persuade me.
Participant: Bad idea. It limits what we can purchase and makes things more expensive and harder to acquire.
Participant: Many goods are made in China and even if I was not Asian, it would upset me to have to pay higher prices for American goods. I also like Asian culture such as food and cartoons and video games and would like to keep experiencing them for regular prices. Things are expensive as is.
Participant: China simply wants to do business with us and we really shouldn't be upsetting other countries. I am open to counter arguments but it would be hard to persuade me."
03204146D04547308EC69CEDD44A37F9,"AI: What do you think about increasing tariffs or fees on goods imported from trading partners to the United States?
Participant: I don't think that's a good idea. It will cause consumers to have to pay even higher prices than those currently in place.
AI: You mentioned you believe increasing tariffs isn't a good idea due to the possibility of consumers having to pay higher prices. Can you expand a bit more on why you think this might be the case?
Do you believe that there could potentially be any positive effects from increasing tariffs?
Participant: Tariffs are a tax on incoming goods. While the producers may pay the tariff, the tariff costs are passed along to the consumer in the form of higher prices. In some cases, tariffs could be justified. Tariffs are in place on some electric vehicles from China. I guess it's because those vehicles are superior to those produced in the U.S. and cost considerably less. Americans would be enticed to buy those vehicles instead of those sold by American countries because they could buy a better vehicle and save money. But that would hurt American car companies, so in that case, I can see where tariffs would benefit American vehicle manufacturers.
AI: Very insightful, particularly concerning the example on electric vehicles. It seems you're suggesting that tariffs can, in some instances, be a form of protectionism for local industries. How do you reconcile these potentially positive effects of tariffs on local industries with the negative impact on consumers due to increased costs? 
Do you believe there's a balance to be struck between the two?
Participant: Judicious use of tariffs could be beneficial in some cases.
Participant: I don't think that's a good idea. It will cause consumers to have to pay even higher prices than those currently in place.
Do you believe that there could potentially be any positive effects from increasing tariffs?
Participant: Tariffs are a tax on incoming goods. While the producers may pay the tariff, the tariff costs are passed along to the consumer in the form of higher prices. In some cases, tariffs could be justified. Tariffs are in place on some electric vehicles from China. I guess it's because those vehicles are superior to those produced in the U.S. and cost considerably less. Americans would be enticed to buy those vehicles instead of those sold by American countries because they could buy a better vehicle and save money. But that would hurt American car companies, so in that case, I can see where tariffs would benefit American vehicle manufacturers.
Do you believe there's a balance to be struck between the two?
Participant: Judicious use of tariffs could be beneficial in some cases."
36F312CB57984D1494003B4CE3BE2520,"AI: What do you think about increasing tariffs or fees on goods imported from trading partners to the United States?
AI: What do you think about increasing tariffs or fees on goods imported from trading partners to the United States?"
AAC3DA0C316D407D98C39E5558486CC3,"AI: Overall, do you think increasing tariffs or fees on goods imported from trading partners will be good or bad for the United States?
Participant: Bad
AI: Why do you believe that increasing tariffs or fees on goods imported from trading partners would be bad for the United States? Could you please share some of your thoughts and reasons behind this opinion?
Participant: I think it's bad because it means prices will rise for the majority of American's, we rely on our partners across the world and I don't really see the benefit of doing this with that reliance still in place.

AI: I see. The potential for price increases seems to be a key concern for you. Could you expand on the potential impacts you believe this could have on the average American? Also, when you mentioned the reliance on our global partners, were there any specific areas or industries that you had in mind?
Participant: I'm not too knowledgeable on industries or areas, from my understanding we import fruits and veggies, electronics, things like that, I anticipate the average American will be forced to pay higher grocery bills which can put a strain on their living.
AI: Thank you for sharing your perspective. It sounds like you're concerned about the potential increase in the cost of living, such as groceries, for average Americans due to higher tariffs. How strongly do you hold this opinion? Would you be open to hearing differing viewpoints regarding this policy?
Participant: I hold it quite strongly, I'm unsure what the benefits are to having these tariffs and only know the negatives, I would be very open to hearing differing viewpoints from others and how it can benefit me and other Americans
Participant: Bad
Participant: I think it's bad because it means prices will rise for the majority of American's, we rely on our partners across the world and I don't really see the benefit of doing this with that reliance still in place.

Participant: I'm not too knowledgeable on industries or areas, from my understanding we import fruits and veggies, electronics, things like that, I anticipate the average American will be forced to pay higher grocery bills which can put a strain on their living.
Participant: I hold it quite strongly, I'm unsure what the benefits are to having these tariffs and only know the negatives, I would be very open to hearing differing viewpoints from others and how it can benefit me and other Americans"
1970DF82208A4F2FB81EAF8D6A748E7B,"AI: Why hold this position on this issue?
Participant: it increases cost for the consumer
Participant: it increases cost for the consumer"
4BD5DA1EE4F6423FB48700625CD32610,"AI: Why hold this position on this issue?
Participant: I believe it will make things more expensive for the consumer, ultimately, but I do not deny the possibility that it could potentially help in a broader way.
Participant: I believe it will make things more expensive for the consumer, ultimately, but I do not deny the possibility that it could potentially help in a broader way."
9FA3BFE6B96E40248E7499F0580672C7,"AI: Overall, do you think increasing tariffs or fees on goods imported from trading partners will be good or bad for the United States?
Participant: Very bad
AI: Could you please expand on why you believe increasing tariffs or fees on imported goods will be very bad for the United States? Are there specific sectors or aspects of the economy that you are particularly concerned about? And is there anything that could change your mind on this issue?
Participant: Because prices will skyrocket and imported goods will become scarce. This includes oil.
AI: Thank you for your response. I understand your concern regarding price inflation and scarcity of imported goods such as oil. Would there be any conditions or safeguards that might mitigate these impacts, in your opinion, if tariffs were increased nevertheless? Or do you regard this as a fundamental issue?
Participant: There is no safeguard. The fact is, the world doesn't need to trade with America; America needs trade form everywhere else. And they need this trade done in dollars to maintain its worth. Asia is a huge continent will billions of people, South America, Africa; the world is bigger than the US.
Participant: Very bad
Participant: Because prices will skyrocket and imported goods will become scarce. This includes oil.
Participant: There is no safeguard. The fact is, the world doesn't need to trade with America; America needs trade form everywhere else. And they need this trade done in dollars to maintain its worth. Asia is a huge continent will billions of people, South America, Africa; the world is bigger than the US."
ED21A89B97444A68A9871ECF2203DC98,NA
669209E09B8E4D59B96F87662292D372,"AI: What do you think about increasing tariffs or fees on goods imported from trading partners to the United States?
Participant: I don't agree with them because I think they would make things more expensive for the consumer.
AI: You mentioned that your main concern is the potential increase in consumer prices. Can you explain more about how you think increasing tariffs or fees would affect the price of goods and, ultimately, consumers?
Participant: They would cause the trading country to increase the cost of trading their goods.
AI: Thank you for explaining your viewpoint. It seems like you believe these fees would be passed on from the exporting country to consumers in form of higher prices. Apart from consumers paying more, do you see any other potential negative impacts from these increased tariffs or fees?
Participant: I don't know any more negative impacts
Participant: I don't agree with them because I think they would make things more expensive for the consumer.
Participant: They would cause the trading country to increase the cost of trading their goods.
Participant: I don't know any more negative impacts"
30E8C85AF7DD4C968126D02ECE53EC1C,"AI: What do you think about increasing tariffs or fees on goods imported from trading partners to the United States?
Participant: good
AI: You mentioned that you think increasing tariffs or fees on imported goods from trading partners is good. Could you elaborate on why you believe this is a positive thing? Are there certain benefits you foresee from implementing such a policy?
Participant: it will help to increase the economy of the country
AI: I see that you regard tariffs as a means to boost the country's economy. Can you share more about how you envision tariffs contributing to economic growth? Do you think there might be any potential drawbacks of this policy?
Participant: i dont see any
Participant: good
Participant: it will help to increase the economy of the country
Participant: i dont see any"
BA4EF214B91B4AD190868670C4CC1F5A,"AI: Why hold this position on this issue?
Participant: It depends on political and economic factors.
Participant: It depends on political and economic factors."
8C23C3AB991C41D8B5A462C704E051D5,"AI: Why hold this position on this issue?
Participant: I believe other countries will find a way to make up for that loss that does not benefit our nation
Participant: I believe other countries will find a way to make up for that loss that does not benefit our nation"
5CEE6A3A286F4719B90C4676FCD8E2FC,"AI: What do you think about increasing tariffs or fees on goods imported from trading partners to the United States?
Participant: It is fine to keep money inside the states
AI: Could you elaborate on why you believe increasing tariffs or fees would contribute to keeping money within the states? Are there specific sectors or industries you think would benefit from this policy?
Participant: importing items to bring jobs back
AI: Could you further explain your viewpoint on how higher import tariffs and fees would help bring jobs back? Do you have any specific instances or data in mind that have influenced this belief?
Participant: manufacturing of vehicles
AI: Are you suggesting that increased tariffs on imported goods could potentially boost domestic vehicle manufacturing and might result in more jobs within that sector? Could you please share more about how you came to this conclusion or if there are any experiences or examples that shaped your viewpoint?
Participant: more jobs would come back because tariffs are too high.  importing items would reduce and manufacturing in state would increase.
Participant: It is fine to keep money inside the states
Participant: importing items to bring jobs back
Participant: manufacturing of vehicles
Participant: more jobs would come back because tariffs are too high.  importing items would reduce and manufacturing in state would increase."
298492F3E6744C6980BC968833308FFE,"AI: Overall, do you think increasing tariffs or fees on goods imported from trading partners will be good or bad for the United States?
Participant: Somewhat bad
AI: Thanks for sharing your thought. Can you help me understand a bit more about why you believe increasing tariffs or fees on imported goods might be somewhat bad for the U.S.? Are there specific factors or potential outcomes you're considering?
Participant: If tariffs are imposed our prices of food, electronics will go up.
AI: That's a valid point about the potential impact on prices. Are there certain sectors, industries or groups, like consumers or businesses, that you think would be particularly affected? And do you think there might be any potential benefits of increased tariffs that could counterbalance these negatives?
Participant: I really don't see many benefits. Electronic stores will be affected.
Participant: Somewhat bad
Participant: If tariffs are imposed our prices of food, electronics will go up.
Participant: I really don't see many benefits. Electronic stores will be affected."
C5D221F3F24D4FC69E19B762A31A72F7,NA
410BFE361E18440788A57B566C8CD495,"AI: What do you think about increasing tariffs or fees on goods imported from trading partners to the United States?
Participant: I think it depends on the goods
AI: Could you provide some examples of goods where you think increasing tariffs would be a good idea? Conversely, are there certain goods where you would view an increase negatively?
Participant: Like certain basic needs, food, water, oil, that stuff should not be increased. non-essential items such as luxury products should be increased
AI: I see, you've pointed essential and non-essential goods as different categories with regards to tariffs. Could you detail why you believe essential goods like food, water, and oil should not face higher tariffs, but non-essential, luxury items should? Additionally, what are your thoughts on the impact of these measures on the economy and consumers?
Participant: Because having access to essential goods is a basic human right. It is literally inhumane to restrict necessities based on financial status
Participant: I think it depends on the goods
Participant: Like certain basic needs, food, water, oil, that stuff should not be increased. non-essential items such as luxury products should be increased
Participant: Because having access to essential goods is a basic human right. It is literally inhumane to restrict necessities based on financial status"
B83153054D95408797BB213B2E5E9146,NA
0F73C9F8B1794DAF9CFE2A7BF051203E,"AI: Overall, do you think increasing tariffs or fees on goods imported from trading partners will be good or bad for the United States?
Participant: Somewhat bad
AI: Can you share more about why you believe that increasing tariffs or fees on goods imported from trading partners will be somewhat bad for the United States?
Participant: Because the countries we have imposed increased tariffs on will retaliate in some kind of way that will affect us negatively.
AI: What kind of negative impacts are you envisioning resulting from other countries' retaliation?
Participant: I'm envisioning war, increased tariffs on us, withholding goods and services causing our goods and services costs to skyrocket.
AI: Thank you for the details. Lastly, how would you respond to the argument that increased tariffs or fees could potentially protect local industries and jobs?
Participant: I don't see how that is true.  Could you expand on that thought?

Participant: Somewhat bad
Participant: Because the countries we have imposed increased tariffs on will retaliate in some kind of way that will affect us negatively.
Participant: I'm envisioning war, increased tariffs on us, withholding goods and services causing our goods and services costs to skyrocket.
Participant: I don't see how that is true.  Could you expand on that thought?
"
356161C898E34DD7B304A3F33649C63F,"AI: What do you think about increasing tariffs or fees on goods imported from trading partners to the United States?
Participant: I think it will protect domestic industries and have a higher cost for consumers
AI: You've mentioned that you believe increased tariffs will protect domestic industries, can you please share more about why you hold this belief? You've also mentioned a potential increase on consumer costs, could you let me know which goods or services you're specifically worried about?
Participant: it will make imported goods way more expensive and electronics will increase in price

AI: I see, so in your view, the increase in tariffs will result in higher priced imported goods, particularly impacting electronics. Do you think there could be any benefits for consumers or the economy overall, or do you see mostly negative impacts?
Participant: i see mostly negative 
AI: You've expressed a predominantly negative view towards increasing tariffs. Do you hold your position mainly because of the potential increase in the cost of goods like electronics, or are there any other factors that strengthen your sentiment?
Participant: increased in clothing as well.
Participant: I think it will protect domestic industries and have a higher cost for consumers
Participant: it will make imported goods way more expensive and electronics will increase in price

Participant: i see mostly negative 
Participant: increased in clothing as well."
0576DC28BC014878953C6292A5BBECB6,"AI: What do you think about increasing tariffs or fees on goods imported from trading partners to the United States?
AI: What do you think about increasing tariffs or fees on goods imported from trading partners to the United States?"
53A14B1CCC5249C194B57AEAD5FBBCC2,"AI: Why hold this position on this issue?
Participant: At this time it is hared to say what will be good or bad
Participant: At this time it is hared to say what will be good or bad"
57A27069E69D42AFB2DEE34D5445529B,"AI: What do you think about increasing tariffs or fees on goods imported from trading partners to the United States?
Participant: I don't necessarily agree on that
AI: Could you please tell me more about why you don't agree with increasing tariffs or fees on goods imported from trading partners? What are the specific reasons or considerations you have in mind?
Participant: I think that would lessen the relationships with them

AI: Thank you for providing your perspective. When you say that increasing tariffs could ""lessen the relationships,"" are you referring to the diplomatic relations between nations, or are you more concerned about the potential consequences for economic ties and trade partnerships?
Participant: Yes
Participant: I don't necessarily agree on that
Participant: I think that would lessen the relationships with them

Participant: Yes"
EBD1C692ABD9490DB0E3C5E81AE86224,"AI: What do you think about increasing tariffs or fees on goods imported from trading partners to the United States?
Participant: I think there should not be an increase on fees
AI: Interesting. Why do you think it's not a good idea to increase tariffs or fees on imported goods? Have you considered any potential impacts this could have on our economy or any specific industries?
Participant: I feel that its benefiting both sides, the US and other partners
AI: That's an important point. Can you share a bit more about how you think maintaining the current tariffs and fees on imports benefits both the U.S and its trading partners? Are there any specific instances or sectors you're thinking of?
Participant: They have goods that we may not.. and we may have goods that can help other partners
AI: I see, so it is about mutual benefit from the exchange of different goods. How important do you feel this mutually beneficial trade is for international relationships and the overall health of the U.S. economy? Could you elaborate on why you feel this is the case?
Participant: Very important, because this will help each other grow in the long run and builds partnership.
Participant: I think there should not be an increase on fees
Participant: I feel that its benefiting both sides, the US and other partners
Participant: They have goods that we may not.. and we may have goods that can help other partners
Participant: Very important, because this will help each other grow in the long run and builds partnership."
B123286873C8481988A52420BF087B2C,"AI: Overall, do you think increasing tariffs or fees on goods imported from trading partners will be good or bad for the United States?
Participant: Very bad
AI: Can you explain further why you view increasing tariffs or fees on goods imported from trading partners as very bad for the United States? Are there specific sectors or areas that you think would be particularly impacted?
Participant: If we increase tariffs then that would mean the US would have to pay more for goods, not the exporting country. It would be terrible for every citizen.
AI: I see. So, taking your point of view, this might result in higher consumer prices. Are there any potential advantages of increasing tariffs that you think might balance out these issues, or do you think the negative impact on consumers is too great?
Participant: I think the negative outweighs any positives it would have
Participant: Very bad
Participant: If we increase tariffs then that would mean the US would have to pay more for goods, not the exporting country. It would be terrible for every citizen.
Participant: I think the negative outweighs any positives it would have"
B68BD0E6F41A485B82915E7849D16C84,"AI: Overall, do you think increasing tariffs or fees on goods imported from trading partners will be good or bad for the United States?
Participant: Very bad
AI: Thank you for sharing your view. Could you elaborate on why you believe increasing tariffs or fees on imported goods would be very bad for the United States? Are there certain sectors or groups you are particularly concerned about?
Participant: A lot of countries will feel offended and will raise it against us. The companies will raise the prices since the tariffs will make things more expensive
AI: That's a valid point. You mentioned potential retaliation from other countries and impact on consumer prices. How strongly do you hold this opinion? Are you open to arguments or new evidence that might suggest increasing tariffs could be beneficial?
Participant: Not open
Participant: Very bad
Participant: A lot of countries will feel offended and will raise it against us. The companies will raise the prices since the tariffs will make things more expensive
Participant: Not open"
BA4671F4CFE3459DBE91E94BE4414ED5,"AI: Overall, do you think increasing tariffs or fees on goods imported from trading partners will be good or bad for the United States?
Participant: Very bad
AI: You mentioned that increasing tariffs or fees on goods imported from trading partners will be very bad for the United States. Can you elaborate on why you hold this view? Are there particular sectors or aspects of the economy that you believe will be specifically affected?
Participant: One segment is electronics. America is wholly dependent on tech imports. Rising tech prices cause everything else too balloon too.
AI: That's an insightful point about the impact on the tech sector and the domino effect on other areas. Do you think there are any potential benefits to increasing tariffs, or any circumstances where it might be the right move despite the downsides you mentioned?
Participant: Benefits to Trump would  include his cult being happy with his performance. In the real world, companies will pass the cost onto the consumer, badly hurting anyone but the super rich.
Participant: Very bad
Participant: One segment is electronics. America is wholly dependent on tech imports. Rising tech prices cause everything else too balloon too.
Participant: Benefits to Trump would  include his cult being happy with his performance. In the real world, companies will pass the cost onto the consumer, badly hurting anyone but the super rich."
CBDB9ABD3EFB4292A61DEB5B5A0B4F3F,"AI: Overall, do you think increasing tariffs or fees on goods imported from trading partners will be good or bad for the United States?
Participant: Bad
AI: Thank you for sharing your viewpoint. Could you please explain a bit more about why you think that increasing tariffs or fees on imported goods would be bad for the United States? Do you associate it with any specific impacts on the economy or society?
Participant: Prices on imported products will rise, and those countries will reciprocate with tariffs of their own, which will hurt our industries. It's a no-win situation.
AI: I see, so you're considering the potential impacts of a trade war. Do you think there could be any benefits to increased tariffs, or do you stand firm in your belief that the cons outweigh any potential pros?
Participant: Cons all the way, I see no pros.
AI: I appreciate your candid response. If presented with evidence suggesting some potential benefits of increased tariffs, would you be open to revising your opinion, or do you feel very strongly that increasing tariffs would be detrimental?
Participant: I'd be open.
Participant: Bad
Participant: Prices on imported products will rise, and those countries will reciprocate with tariffs of their own, which will hurt our industries. It's a no-win situation.
Participant: Cons all the way, I see no pros.
Participant: I'd be open."
B7290A75C6644E0580DD7CE8FBAD87FC,"AI: What do you think about increasing tariffs or fees on goods imported from trading partners to the United States?
Participant: I think it is a mistake.  It will increase prices for the consumer.
AI: Interesting perspective. Could you elaborate more on why you think these increased tariffs would lead to higher prices for consumers, and are there any specific sectors or goods you have in mind when expressing this concern? Also, what makes you so sure about your beliefs?
Participant: Because I know that the tariff is paid on this end, meaning that that cost will be passed along to the consumer.  It's a stupid idea.
AI: I understand why you might see it that way. Could you tell me more about how you arrived at this understanding that tariffs are paid on this end and consequently passed onto consumers? What influenced your perspective on this? Do you believe there are any circumstances under which increasing tariffs could be a good idea?
Participant: No, I don't think there is any situation in which increasing tariffs is a good idea.  It is archaic and close minded.
Participant: I think it is a mistake.  It will increase prices for the consumer.
Participant: Because I know that the tariff is paid on this end, meaning that that cost will be passed along to the consumer.  It's a stupid idea.
Participant: No, I don't think there is any situation in which increasing tariffs is a good idea.  It is archaic and close minded."
AE3DAF1FC26746559EA5CB2947829FE4,NA
36786EF449EB4FD182C92D1065064809,"AI: Why hold this position on this issue?
Participant: Increase revenue is always good
Participant: Increase revenue is always good"
8598208A9C454A6393CC0777FB32C48C,"AI: What do you think about increasing tariffs or fees on goods imported from trading partners to the United States?
Participant: I'm mixed on this issue.  Maybe tariffs would encourage more U.S. made products.
AI: That's interesting. You mentioned that tariffs might encourage more U.S. made products. Could you explain more about why you think this might be the case? Do you have specific industries or products in mind?
Participant: Because with tariffs and fees, the price of foreign products may increase.  Specifically I'm thinking of electronics.
AI: I see, you believe that higher prices for foreign products might boost demand for U.S. electronics. Given the potential impact on prices, how do you think this policy might affect consumers? Are you concerned about potential drawbacks as well as benefits?
Participant: The benefits would be more jobs due to more products made in the U.S. such as electronics.  The drawback would be the cost of labor for production would be more in the U.S. than in other countries.
AI: Your insights on job creation and labor costs are quite valuable. Considering these potential impacts, what do you think could be a balance between the pursuit of domestic production and the need for competitive pricing for the consumer? Should there be a compromise? Would you be open to some counter arguments that suggest different approaches to this policy?
Participant: Compensation for top executives should be regulated which would drive down the costs of goods and services for products made in the U.S.
Participant: I'm mixed on this issue.  Maybe tariffs would encourage more U.S. made products.
Participant: Because with tariffs and fees, the price of foreign products may increase.  Specifically I'm thinking of electronics.
Participant: The benefits would be more jobs due to more products made in the U.S. such as electronics.  The drawback would be the cost of labor for production would be more in the U.S. than in other countries.
Participant: Compensation for top executives should be regulated which would drive down the costs of goods and services for products made in the U.S."
E56425A0C80C4C4AB0EE78CE252FF166,NA
181A47A0329B45CD8F594F887874C0F1,"AI: Overall, do you think increasing tariffs or fees on goods imported from trading partners will be good or bad for the United States?
Participant: Neither good nor bad
AI: Thanks for sharing your view. Could you elaborate on why you believe that increasing tariffs or fees on imported goods would be neither good nor bad for the United States? Are there certain factors that you are considering?
Participant: In my opinion, I feel the world market would adapt either way. The United States is a world power for a reason, and any country that doesn't wish to pay the US would end up replaced by another exporter regardless.
AI: Interesting viewpoint. When thinking about the adaptation of the world market, do you see potential for any short-term repercussions that could affect consumers or businesses?
Participant: I do see potential for short-term repercussions, but again, I look at it as an opportunity for the free market to adapt and remain flexible.
AI: I value your perspective on this. Lastly, is there a specific example or reason that made you adopt this viewpoint towards tariffs and fees on imported goods?
Participant: I don't think so.
Participant: Neither good nor bad
Participant: In my opinion, I feel the world market would adapt either way. The United States is a world power for a reason, and any country that doesn't wish to pay the US would end up replaced by another exporter regardless.
Participant: I do see potential for short-term repercussions, but again, I look at it as an opportunity for the free market to adapt and remain flexible.
Participant: I don't think so."
5CFF46D109FB4D2A9A15C879C8FCB16E,"AI: Why hold this position on this issue?
Participant: If I think it's bad because it could lead to higher prices.
Participant: If I think it's bad because it could lead to higher prices."
BF9CB3BA1FA042CAB85F0961DA4ADE5C,"AI: What do you think about increasing tariffs or fees on goods imported from trading partners to the United States?
Participant: I think that this would have the unintended consequence of raising the prices US citizens would pay for goods.
AI: Can you tell me more why you believe increasing tariffs or fees on imported goods would lead to US citizens paying more for goods? Do you think there could be any benefits to increasing these tariffs or fees?
Participant: I think that tariffs are meant to basically punish the origination country, but they would only raise prices to offset tariff costs. The globalization of international companies through free trade benefits all countries, including the US.
AI: I understand your point that international companies benefit from free trade. As far as the tariffs aimed at the origin country leading to increased prices for consumers, can you elaborate on this? And do you think there are any situations where tariffs could be beneficial?
Participant: I think that such tariffs would then also be imposed by other countries on US goods. The Us needs trade with other countries as much as we need them.
Participant: I think that this would have the unintended consequence of raising the prices US citizens would pay for goods.
Participant: I think that tariffs are meant to basically punish the origination country, but they would only raise prices to offset tariff costs. The globalization of international companies through free trade benefits all countries, including the US.
Participant: I think that such tariffs would then also be imposed by other countries on US goods. The Us needs trade with other countries as much as we need them."
D17F45199E8944EBBCB94DD66058F748,NA
784A96937A0F44E1BA55D7971CA37B7A,"AI: What do you think about increasing tariffs or fees on goods imported from trading partners to the United States?
Participant: I think it reflects a profound misunderstanding on how tariffs work. It does nothing but increase prices for everyone in the United States.
AI: Thank you for sharing. Could you elaborate more on why you believe it reflects a misunderstanding on how tariffs work? And in terms of increasing prices, how do you see this impacting the everyday consumer?
Participant: Most people seem to think it's the other country that pays for it, when in reality the US gets charged more for the goods we import. The United States is not a manufacturing country anymore; stuff like electronic components and machinery have to be bought from someone else. Coupled with also not having the right climate for a lot of the produce, increasing tariffs will only result in price increases for many common products for the American consumer, both from the tariffs imposed and retaliatory tariffs.
AI: Thanks for explaining your point of view. You mentioned both electronic components and produce. How do you believe the impact might vary between these types of goods, if at all? Do you see potential counter-arguments that might change your thinking on the policy?
Participant: Well, every electronic device has some form of circuit board in them, be a TV, a car, a piece of medical equipment, and so on. Simply put, if the item has electronic parts in it, it has components that were imported from China, if not the whole item itself. Like I said, the United States does not have manufacturing power anymore; for tariffs to be harmless to the public, the US has to produce the items that it imports, and we don't have that, at all. So the impact it has will be severe, depending on how necessary the item is for the consumer. There are no counterarguments that might change my mind, I just explained why.
Participant: I think it reflects a profound misunderstanding on how tariffs work. It does nothing but increase prices for everyone in the United States.
Participant: Most people seem to think it's the other country that pays for it, when in reality the US gets charged more for the goods we import. The United States is not a manufacturing country anymore; stuff like electronic components and machinery have to be bought from someone else. Coupled with also not having the right climate for a lot of the produce, increasing tariffs will only result in price increases for many common products for the American consumer, both from the tariffs imposed and retaliatory tariffs.
Participant: Well, every electronic device has some form of circuit board in them, be a TV, a car, a piece of medical equipment, and so on. Simply put, if the item has electronic parts in it, it has components that were imported from China, if not the whole item itself. Like I said, the United States does not have manufacturing power anymore; for tariffs to be harmless to the public, the US has to produce the items that it imports, and we don't have that, at all. So the impact it has will be severe, depending on how necessary the item is for the consumer. There are no counterarguments that might change my mind, I just explained why."
8A220FB82DD042A0AAF5BC1293BFC183,NA
6BE4FAF3EE8849D8859640F479F0B04E,NA
8E8EF0EC9F264A9FBE87F6A2D7EF0ACD,"AI: Overall, do you think increasing tariffs or fees on goods imported from trading partners will be good or bad for the United States?
Participant: Very bad
AI: Thank you for your response. Could you please explain why you believe that increasing tariffs or fees on imported goods would be very bad for the United States? What are some specific consequences or impacts that you are considering?
Participant: Very bad
AI: Thank you for your response. Could you please explain why you believe that increasing tariffs or fees on imported goods would be very bad for the United States? What are some specific consequences or impacts that you are considering?"
7C08630E934A464CBFAE49F14E2215D3,"AI: Why hold this position on this issue?
Participant: In the long run, I think it sends a message to trading partners that we won't be taken advantage of.
Participant: In the long run, I think it sends a message to trading partners that we won't be taken advantage of."
D679E5AA280B46E496AE6D7BA2998649,"AI: Why hold this position on this issue?
Participant: I think prices will increase and other countries will respond with their own tariffs.
Participant: I think prices will increase and other countries will respond with their own tariffs."
845B57C90A934B43B5D8BB36F755CDF9,NA
462EB37F949045FCA9528F02AFFDA2EC,"AI: Overall, do you think increasing tariffs or fees on goods imported from trading partners will be good or bad for the United States?
Participant: Somewhat bad
AI: Could you please elaborate on why you think increasing tariffs or fees on goods imported will be somewhat bad for the United States?
Participant: That is not my area of expertise however what I have read from credible news sources claims that these tariffs will cause prices to jump in areas that many of us rely on, on a daily basis. I have heard prices are going up on everything from tomatoes to refrigerators. People have already been beat down enough over the last three or four years with inflation. We haven't had time to make up the money that was lost to high prices. If we are forced to pay higher prices for necessities this digs us into an even deeper hole.
AI: I appreciate your response. Now, considering these price inflations, how does that make you feel about types of goods being subjected to these tariffs? Would you be more comfortable with certain types of goods than others being under the tariff regime?
Participant: If you're going to put tariffs on items put them on the luxury items.  These are items that are not necessities; usually they are more for status are social display than an actual necessity. The people who buy these items are wealthier and can't afford to take the hit.
Participant: Somewhat bad
Participant: That is not my area of expertise however what I have read from credible news sources claims that these tariffs will cause prices to jump in areas that many of us rely on, on a daily basis. I have heard prices are going up on everything from tomatoes to refrigerators. People have already been beat down enough over the last three or four years with inflation. We haven't had time to make up the money that was lost to high prices. If we are forced to pay higher prices for necessities this digs us into an even deeper hole.
Participant: If you're going to put tariffs on items put them on the luxury items.  These are items that are not necessities; usually they are more for status are social display than an actual necessity. The people who buy these items are wealthier and can't afford to take the hit."
676B796962454B5B82D5A865EB7DB888,NA
870FB7B0CA73406EA65982559BC7ACB4,NA
85B5D11D37FE42EAB19201577086AE81,NA
B7C9B2F49BF245A683D6C771110010AF,"AI: Why hold this position on this issue?
Participant: I can't remember a time in my life where heavy tariffs were imposed so I don't know what the effect of them will be in the real world.
Participant: I can't remember a time in my life where heavy tariffs were imposed so I don't know what the effect of them will be in the real world."
86FE012705CC47B495D3E901EEF01AE9,NA
3269DA08F22443F786A671A0DDEDA453,"AI: What do you think about increasing tariffs or fees on goods imported from trading partners to the United States?
Participant: I am indecisive on this topic.
AI: Since you mentioned that you're indecisive about the increase in tariffs on goods imported from the U.S. trade partners, can you share some of the factors making it difficult for you to form a definite opinion? This might be concerning the potential benefits or drawbacks that you perceive.
Participant: There are no particular factors, I just have not thought about this topic long enough.
AI: I see, you haven't given it much consideration yet. Would you be open to learning more about the potential impacts of such a policy in order to form a more specific opinion on it?
Participant: Yes.
Participant: I am indecisive on this topic.
Participant: There are no particular factors, I just have not thought about this topic long enough.
Participant: Yes."
888FFCD1E2F94F769E7A78875AD7097E,"AI: Why hold this position on this issue?
Participant: It will cause the price of goods to rise. Companies are simply going to pass the tariffs onto the consumers.
Participant: It will cause the price of goods to rise. Companies are simply going to pass the tariffs onto the consumers."
D416C97F072A4FF8B4BB8E90FFA16A35,"AI: Overall, do you think increasing tariffs or fees on goods imported from trading partners will be good or bad for the United States?
Participant: Neither good nor bad
AI: Can you share why you have a neutral stance on this issue? Are there certain considerations or circumstances where you might think increasing tariffs could be beneficial or detrimental for the United States?
Participant: I have a neutral stance because this issue brings about both advantages and disadvantages. The good side is increasing tariffs would encourage more manufacturing activities from inside the US. However, this change would take a long time to implement. Meanwhile, there would be price increases for imported goods, which negatively impact consumers. 
AI: Thank you for explaining your perspective. It sounds like your view on this is nuanced and takes into consideration multiple factors. Can you share more about how strong your current opinion is? Are you open to perspectives that could potentially shift your stance on this policy?
Participant: I think in the long run I would lean towards higher tariffs for exported goods because I want the US to be a strong manufacturing country again.
Participant: Neither good nor bad
Participant: I have a neutral stance because this issue brings about both advantages and disadvantages. The good side is increasing tariffs would encourage more manufacturing activities from inside the US. However, this change would take a long time to implement. Meanwhile, there would be price increases for imported goods, which negatively impact consumers. 
Participant: I think in the long run I would lean towards higher tariffs for exported goods because I want the US to be a strong manufacturing country again."
D82A62E3FE69425987EFBDC0CFCBA1A0,NA
0BA44C0310FA46E38EC120B75E783E16,"AI: What do you think about increasing tariffs or fees on goods imported from trading partners to the United States?
Participant: I think it will raise prices and many people will not be able to afford things
AI: And could you perhaps tell me more about why you believe the increased tariffs will lead to price rises? Especially in terms of its effects on affordability for some consumer groups?
Participant: someone would have to pay for the tariffs , and they would be absorbed by the consumers
AI: I understand. You're suggesting that the costs of increased tariffs could be passed onto consumers, resulting in higher prices. Do you also think there might be any potential benefits of these raised tariffs, or do you strictly view them as negative due to their potential to affect consumer affordability?
Participant: I view them as negative
Participant: I think it will raise prices and many people will not be able to afford things
Participant: someone would have to pay for the tariffs , and they would be absorbed by the consumers
Participant: I view them as negative"
989C46E4C8C8472DA35C686A2DD1966D,"AI: What do you think about increasing tariffs or fees on goods imported from trading partners to the United States?
Participant: i dont have an opinion on that
AI: Could you elaborate on why you don't have an opinion on the increase of tariffs or fees on goods imported from trading partners to the United States?
Participant: because it would mostly harm parties involved 
AI: Could you please clarify why you think increasing tariffs or fees on imported goods would harm the parties involved?
Participant: thats because a trade war may occur as a result
AI: Thank you for expanding on that. How strongly do you hold this viewpoint, and would you be open to counter-arguments regarding the implementation of higher tariffs or fees on imported goods?
Participant: no i wont
Participant: i dont have an opinion on that
Participant: because it would mostly harm parties involved 
Participant: thats because a trade war may occur as a result
Participant: no i wont"
F6A936A6A9174C77A323CDC96B7833E4,NA
F3964E00E17245FBB0D305600C4C9F88,"AI: What do you think about increasing tariffs or fees on goods imported from trading partners to the United States?
Participant: What are the benefits of that?
AI: Some believe that increasing tariffs can protect domestic industries by making foreign goods more expensive, thus encouraging consumers to buy domestically produced goods. However, others argue that it could lead to a trade war, making goods more expensive for consumers and harming the economy. Do you think the potential benefits of increasing tariffs could outweigh the potential drawbacks?
Participant: No, I think tariffs will only make everything more expensive for the average consumer
AI: Thank you for sharing your perspective. Could you elaborate more on why you believe tariffs will predominantly result in higher prices for consumers instead of protecting domestic industries?
Participant: Most things sold in the US are not US-made. It would take many years to develop the US infrastructure in order to compete with foreign labor
AI: That's a valid point. How then do you think the U.S. can best protect its domestic industries while avoiding any adverse impact on the average consumer?
Participant: Simple. Ban corporate price gouging and give more assistance to small businesses
Participant: What are the benefits of that?
Participant: No, I think tariffs will only make everything more expensive for the average consumer
Participant: Most things sold in the US are not US-made. It would take many years to develop the US infrastructure in order to compete with foreign labor
Participant: Simple. Ban corporate price gouging and give more assistance to small businesses"
20D0C8F7DCC64AF6ACB2E292C4E8C917,"AI: Overall, do you think increasing tariffs or fees on goods imported from trading partners will be good or bad for the United States?
Participant: Somewhat good
AI: Could you share more about why you believe increasing tariffs or fees on imported goods might be somewhat good for the United States? What specific outcomes or benefits are you thinking of?
Participant: It encourages the production of more locally produced products. 
AI: That's a strong point. Considering this, do you feel that there may be any drawbacks to increasing tariffs or fees on imported goods? For example, might there be potential impacts on consumers or certain industries?
Participant: no
Participant: Somewhat good
Participant: It encourages the production of more locally produced products. 
Participant: no"
91F0FDC9B07A4C908A7E9CB27D8C99F7,"AI: What do you think about increasing tariffs or fees on goods imported from trading partners to the United States?
Participant: I don't see the point to increasing tariffs or fees on imported goods from trading partners.  Everything is already out of control expensive in this country (food, housing, etc.)
AI: It's clear that you're concerned about the impact of higher tariffs on living costs. Could you tell me more about why you feel this way? Did any specific experiences or observations lead to this opinion?
Participant: No specific experiences, just how hard it is to be able to afford all the necessities these days.  I am retired with a small pension and I worry about money quite a bit, so I guess that is why I feel this way.  
AI: I can understand why this would be a worry for you. Given your specific situation, do you think others who are retired or on a fixed income share your viewpoint about the potential effect of increased tariffs on cost of living, particularly necessities?
Participant: Yes, I would imagine that others in my situation would have a similar opinion.
Participant: I don't see the point to increasing tariffs or fees on imported goods from trading partners.  Everything is already out of control expensive in this country (food, housing, etc.)
Participant: No specific experiences, just how hard it is to be able to afford all the necessities these days.  I am retired with a small pension and I worry about money quite a bit, so I guess that is why I feel this way.  
Participant: Yes, I would imagine that others in my situation would have a similar opinion."
7DC65AC76B9B4F98A50C562D0866969E,"AI: What do you think about increasing tariffs or fees on goods imported from trading partners to the United States?
Participant: Great idea!  Let's buy American!
AI: I appreciate your perspective. Can you elaborate on why you support increased tariffs and on what you think the overall impact on the U.S. economy might be? Furthermore, could you share your thoughts on how you think these increased tariffs might affect U.S. consumers, if at all?
Participant: I think at first it might be difficult but in the long run it would help our economy.  It could affect consumers, but they have a choice.  Buy American or pay more.
AI: Thank you for sharing your thoughts. You mentioned it might be difficult initially but beneficial for our economy. Could you tell me more about what challenges you believe we might face in the beginning and why you believe it will lead to long-term economic benefits? Also, you pointed out consumers have a choice to ""Buy American or pay more,"" but do you think there could be any potential downsides for consumers beyond this, especially for those with lower income?
Participant: It might be challenging to enforce the tarrifs.  Maybe. I think in the end it will force things to be produced and made here in America, providing income here rather than overseas. Those with lower income will have to make better choices and be wise.
Participant: Great idea!  Let's buy American!
Participant: I think at first it might be difficult but in the long run it would help our economy.  It could affect consumers, but they have a choice.  Buy American or pay more.
Participant: It might be challenging to enforce the tarrifs.  Maybe. I think in the end it will force things to be produced and made here in America, providing income here rather than overseas. Those with lower income will have to make better choices and be wise."
3730294F3F5748E4B7FBEEF1666125B4,NA
E75AABBDA5CC4A219FDBE61855D36359,"AI: Why hold this position on this issue?
Participant: I think we're course correcting. It will be hard initially, but in the long run, we need to bring back companies/businesses to the United States. Yes, trade is good, but there should be a limit to how dependent we are on other countries. Okay, prices will go up, but aren't we exploiting the workers in 3rd world countries by offering them lower wages and horrible working conditions.
Participant: I think we're course correcting. It will be hard initially, but in the long run, we need to bring back companies/businesses to the United States. Yes, trade is good, but there should be a limit to how dependent we are on other countries. Okay, prices will go up, but aren't we exploiting the workers in 3rd world countries by offering them lower wages and horrible working conditions."
78BAF6E1CE6C42A5AD4BED7A057C7E25,"AI: Overall, do you think increasing tariffs or fees on goods imported from trading partners will be good or bad for the United States?
Participant: Bad
AI: Can you share a bit more about why you believe increasing tariffs or fees on imported goods would be detrimental to the United States? What are some specific reasons you hold this opinion?
Participant: I think if we raise the tariffs the price of the goods are going to go up for the consumer. Having just dealt with a really bad inflation, the public does not need more price hikes in stores.
AI: That's an insightful perspective. Have you taken into account how tariffs might impact domestic industries and potential for job creation in the U.S?
Participant: Yes, I realize that it will create more jobs and more things being sold from USA created companies but I think getting the cheaper stuff from other countries could hurt peoples bottom lines.
Participant: Bad
Participant: I think if we raise the tariffs the price of the goods are going to go up for the consumer. Having just dealt with a really bad inflation, the public does not need more price hikes in stores.
Participant: Yes, I realize that it will create more jobs and more things being sold from USA created companies but I think getting the cheaper stuff from other countries could hurt peoples bottom lines."
007706E8193D4DF1A76AE52A401859CD,"AI: Why hold this position on this issue?
Participant: I am wondering if certain fruits and veggie prices will go up. I also sometimes like to go to international grocery stores.
Participant: I am wondering if certain fruits and veggie prices will go up. I also sometimes like to go to international grocery stores."
A2243BDA2F7746DAA622C12DC04CF070,NA
357D22D5AF0F4C518865917CF39DA48C,"AI: What do you think about increasing tariffs or fees on goods imported from trading partners to the United States?
Participant: I don't like it because we the consumers are the ones who will pick up the cost of the tariffs in the end.
AI: I see, could you elaborate on why you believe the consumers will end up bearing the cost of increased tariffs? Do you have specific instances or examples to illustrate this belief?
Participant: I think even Walmart came out with a statement recently that companies pass on the costs of the tariffs to the consumers?
AI: Yes, certain companies have indicated that. Would you still maintain your position if there was evidence suggesting that tariffs could protect domestic industries or jobs?
Participant: I would argue for a more moderated approach in that case instead of widespread tariffs across the board.
Participant: I don't like it because we the consumers are the ones who will pick up the cost of the tariffs in the end.
Participant: I think even Walmart came out with a statement recently that companies pass on the costs of the tariffs to the consumers?
Participant: I would argue for a more moderated approach in that case instead of widespread tariffs across the board."
150F09F82A174554B846096F973FBC15,"AI: Why hold this position on this issue?
Participant: It will raise prices on everyday items, making it hard for the average american person to afford stuff
Participant: It will raise prices on everyday items, making it hard for the average american person to afford stuff"
83A860C3DF5E452FAAA2717D7378A787,NA
36B2CFEA6D9B45FABA11650D1177EE0E,"AI: What do you think about increasing tariffs or fees on goods imported from trading partners to the United States?
Participant: Sometimes this is used as a bluffing technique to encourage negotiation.  Sometimes that fails and results in higher expenses for the American people.
AI: You've mentioned that tariffs might sometimes be used strategically, but may also result in higher costs for Americans. Could you elaborate more about what circumstances make tariffs a useful negotiation tool, and when do you think they tend to backfire and lead to higher costs for citizens?
Participant: It's a useful tool if the other party takes it seriously and cares whether or not we take their imports. If they have other parties to sell the goods and don't care if they import to us, it could backfire.    Also, it depends on national relations.  If the other party wants to strongarm the US, then that will result in higher prices to the American people.
AI: It sounds like the success of tariffs as a negotiation tool relies heavily on the power dynamics and national relations between countries. Can you expand a bit more on what types of global political scenarios or specific events you think might make tariffs particularly risky or likely to backfire, causing high costs for the American people?
Participant: When there are major differences between governments such as China and US, this is particularly risky.  It would also be very risky with the Soviet Union or South Korea.
Participant: Sometimes this is used as a bluffing technique to encourage negotiation.  Sometimes that fails and results in higher expenses for the American people.
Participant: It's a useful tool if the other party takes it seriously and cares whether or not we take their imports. If they have other parties to sell the goods and don't care if they import to us, it could backfire.    Also, it depends on national relations.  If the other party wants to strongarm the US, then that will result in higher prices to the American people.
Participant: When there are major differences between governments such as China and US, this is particularly risky.  It would also be very risky with the Soviet Union or South Korea."
65AC515D82704F11BCCA446DD239C56E,NA
66124DFF2AF642C5848ECF99EA8E6523,"AI: Why hold this position on this issue?
Participant: because it causes other countries to raise tariffs on our goods for sale outside of the US
Participant: because it causes other countries to raise tariffs on our goods for sale outside of the US"
1ADAE8869EA64F7BA73F4F1F9E972F93,"AI: Why hold this position on this issue?
Participant: From what Ive read on this it will just be a tax on consumers AND it will hurt relations with other countries..esp Canada. What the heck! We want a good relationship with China too. Not tax the heck out of their goods. Consumers want access to cheap goods. Think TEMU! amazon, etc.
Participant: From what Ive read on this it will just be a tax on consumers AND it will hurt relations with other countries..esp Canada. What the heck! We want a good relationship with China too. Not tax the heck out of their goods. Consumers want access to cheap goods. Think TEMU! amazon, etc."
D7E65C5133824633A8ECFBB7B05AC853,"AI: What do you think about increasing tariffs or fees on goods imported from trading partners to the United States?
Participant: I support tariffs
AI: Thank you for sharing that. Could you explain why you support the increase of tariffs on goods imported from trading partners? What impact do you think such a policy would have on the economy or society?
Participant: All countries use tariffs and there was a time in America when the federal goivernment financed itslef entirely by means of tariffs and citizens paid no federal income tax
AI: That's a valid point. Could you clarify what aspects of a federally-financed tariff system appeals to you, and how it could benefit the current economy? Also, do you foresee the potential for any negative effects of this system?
Participant: tariffs today are bargaining chips used mainly for negotiating trade deals, the specifics best left to those knowledgeable in that area of finance
AI: Given your perspective that tariffs are often used as negotiating tools, what do you feel about its impact on the prices of goods for consumers? Are there any sectors or industries where you think tariffs could be particularly beneficial or harmful?
Participant: energy and food production are probably the most crucial
Participant: I support tariffs
Participant: All countries use tariffs and there was a time in America when the federal goivernment financed itslef entirely by means of tariffs and citizens paid no federal income tax
Participant: tariffs today are bargaining chips used mainly for negotiating trade deals, the specifics best left to those knowledgeable in that area of finance
Participant: energy and food production are probably the most crucial"
57D16FF618E449028084875C941CEC52,NA
5445833921354F7D9829F6876C26ED53,NA
D0D0401BCD224FB58549CB6463AC1C09,"AI: Why hold this position on this issue?
Participant: I hold this position because tariff's or not these greedy companies are going to continue to inflate prices on everything.
Participant: I hold this position because tariff's or not these greedy companies are going to continue to inflate prices on everything."
2B76D42625CE42E6B711E82406C2A45F,"AI: What do you think about increasing tariffs or fees on goods imported from trading partners to the United States?
Participant: Not a good thing
AI: Thank you for sharing your thoughts on that. Could you please detail why you think increasing tariffs or fees on imported goods is not a good thing? What are the specific conclusions you've reached that lead you to this viewpoint?
Participant: It will make everything expensive
AI: I see. So, you believe that the increased costs will directly impact consumers. Could you please talk a bit more about how you think this might affect the economy as a whole? Are there particular sectors or groups you believe would be most affected?
Participant: It will make the economy be in debt
Participant: Not a good thing
Participant: It will make everything expensive
Participant: It will make the economy be in debt"
F55D9EF06E9549FE97ADF5CA7D429A48,NA
3B5383631D6445B29C165A4250FC86D1,NA
9C7B1AAF1DB94636A8AE3CEE7C16B192,"AI: Overall, do you think increasing tariffs or fees on goods imported from trading partners will be good or bad for the United States?
Participant: Good
AI: Thank you for your response. Can you elaborate on why you believe increasing tariffs or fees on imported goods would be beneficial for the United States? What impact do you think this would have on the economy or on businesses?
Participant: Initially it will be rough on the economy. However, we need to strive to compete on an equal playing field with the rest of the world economically. As of now, our kindness in global trade is a weakness.
AI: It's interesting to hear your perspective. What makes you believe that the current state of global trade is a demonstration of weakness for the U.S? Can you elaborate more on what you mean by an 'equal playing field' in the context of global trade?
Participant: Wall Street sold the US out on global trade in the 90s. It's time to restore the US's manufacturing power.
AI: Thank you for elaborating on your viewpoint. It sounds like you are concerned about the impact of past trade policies on domestic manufacturing. Lastly, is there any data or specific event that has influenced your stance or is your opinion based more on general observations and feelings about the issue?
Participant: My general observation is that other countries take our consumer base for granted.
Participant: Good
Participant: Initially it will be rough on the economy. However, we need to strive to compete on an equal playing field with the rest of the world economically. As of now, our kindness in global trade is a weakness.
Participant: Wall Street sold the US out on global trade in the 90s. It's time to restore the US's manufacturing power.
Participant: My general observation is that other countries take our consumer base for granted."
7BFC6982BBD744C086226837AE17D4FD,NA
FEAFA16580DF409F86440C2E1F75D57A,NA
64C0E30EE9A6462690841EF902AC5F22,NA
587C9E7D042D4F4D892DDBBA1A3E8F38,"AI: Why hold this position on this issue?
Participant: not at all sure about this.
Participant: not at all sure about this."
CC20D7176DE9481CA20F81231F791D91,"AI: What do you think about increasing tariffs or fees on goods imported from trading partners to the United States?
Participant: I don't understand tariffs very well. Who knows what the consequences would be
AI: It's okay if you're not familiar with the topic. Just based on your initial thinking, do you lean towards the idea that increasing tariffs or fees on goods imported from trading partners could lead to negative, positive or neutral outcomes? And why do you feel that way?
Participant: negative perhaps
AI: Thank you for sharing. Could you tell me a bit more about why you might lean towards believing that increasing tariffs or fees on imported goods could lead to a negative outcome?
Participant: it might lead to strained relationships with our allies
AI: That's an interesting point. Can you elaborate on how you think these strained relationships might impact the United States? In other words, what would be some specific consequences of such strain in your view?
Participant: other countries might want to retaliate
Participant: I don't understand tariffs very well. Who knows what the consequences would be
Participant: negative perhaps
Participant: it might lead to strained relationships with our allies
Participant: other countries might want to retaliate"
D4BA10B7D8424AD986ABABAF09F02757,"AI: Why hold this position on this issue?
Participant: It will just raise prices on goods for us here in the US and will most likely irritate our trading partners.
Participant: It will just raise prices on goods for us here in the US and will most likely irritate our trading partners."
62EB20B81A284D258F50A30241CFFF86,NA
C543A1313F974F03B538F3D38573C2CC,NA
A0CE912FD1AE4C0D943C9E6C1760EAAD,"AI: Why hold this position on this issue?
Participant: Tariffs will mean that the price of goods will increase during the import step, and the increase in prices will be passed on the consumers so that companies don't lose any profits
Participant: Tariffs will mean that the price of goods will increase during the import step, and the increase in prices will be passed on the consumers so that companies don't lose any profits"
9F41954C4CB14C7AAEEA03A4F6806733,NA
2154AB20CA94485CB82AFE0F6EB589F6,"AI: What do you think about increasing tariffs or fees on goods imported from trading partners to the United States?
Participant: fair
AI: Thank you for your response. Could you please explain why you think it’s fair to increase tariffs or fees on goods imported from trading partners to the United States? Is there any particular aspect, such as protecting domestic industries or reducing trade deficits, that influences your opinion?
Participant: no answer
AI: That's perfectly okay. Would you be willing to share if there are any circumstances under which your opinion about increasing tariffs or fees might change? For instance, if it led to higher pricing for consumers or worsened relations with trading partners.
Participant: no answer
Participant: fair
Participant: no answer
Participant: no answer"
AD960004FD5148AC88BCA19D47C7C11B,"AI: Overall, do you think increasing tariffs or fees on goods imported from trading partners will be good or bad for the United States?
Participant: Bad
AI: Can you please explain more about why you think increasing tariffs or fees on goods imported will be bad for the United States? Are there specific industries or aspects of the economy you're thinking about?
Participant: Because it's going to lead to more inflation than we have now, it will cause countries like China to increase prices to cover the tax of the tariffs.
AI: That's a great point about the potential economic implications. Can you elaborate on how you think this could specifically impact consumers or businesses in the United States?
Participant: Everything will cost more sending our currency to collapse, and people won't be able to affords things. 
AI: That's a strong viewpoint. Your concern appears to be about the larger potential knock-on effects on the economy and individuals' purchasing power. Would you say your opinion on this is firmly held, or would you be open to different perspectives regarding the impact of increased tariffs?
Participant: No, my opinion is extremely firmly held on this.
Participant: Bad
Participant: Because it's going to lead to more inflation than we have now, it will cause countries like China to increase prices to cover the tax of the tariffs.
Participant: Everything will cost more sending our currency to collapse, and people won't be able to affords things. 
Participant: No, my opinion is extremely firmly held on this."
1EEAC5126F4245F29D95801E3E5A9272,"AI: Why hold this position on this issue?
Participant: Product prices will increase
Participant: Product prices will increase"
C9298204F3014C94AE46CC6488F19F8F,"AI: Why hold this position on this issue?
Participant: It wont help make things cheaper for Americans as those added costs will be passed on to us. A business never incurs expenses without passing them a long. That's the only thing that will trickle down.
Participant: It wont help make things cheaper for Americans as those added costs will be passed on to us. A business never incurs expenses without passing them a long. That's the only thing that will trickle down."
61DC9B9B1D064196A5DF2B7F6F6ADC80,"AI: What do you think about increasing tariffs or fees on goods imported from trading partners to the United States?
Participant: This is a terrible idea, it will cause the cost of everything to go up to an unsustainable price that only rich people can afford. 
AI: Thank you for your response. Now, could you elaborate more on why you think increasing tariffs would cause the cost of everything to go up? And can you explain further why you believe only the rich would be able to afford these increased costs?
Participant: We are no longer a country that makes things, so almost everything is imported - or the parts are imported. If we impose tarriffs on imports, the prices will go up. Currently, everything is barely affordable, most people don't make enough to live on, and it is only going to be worse because  Trump will enforce policies that are only good for rich people, because he hates everyone who isn't rich, white, and male. 
AI: You’ve shared some strong views here. Could you help me understand what specific policies you think have been or will be enforced that are beneficial only for rich people? Furthermore, could you share more about why you think they could potentially worsen the living conditions for others?
Participant: The tax laws that Republicans impose are good for the rich and bad for everyone else. They have terrible policies that for the past 40 years have caused the middle class and the economy to decline every time they are in control.  Lack of regulation on corporations, laws that give them unlimited political power. 
AI: That's very insightful. Could you provide more detail on which specific tax laws you think are good for the rich and bad for others? And what impact does lack of regulation on corporations have, in your opinion?
Participant: The rich get richer and the rest of us suffer. The reason that we can barely afford groceries and gas is because of the greed of the CEOs that have record profits, which is allowed because of the loopholes and deregulation that allows them to not pay their fair share in taxes.
Participant: This is a terrible idea, it will cause the cost of everything to go up to an unsustainable price that only rich people can afford. 
Participant: We are no longer a country that makes things, so almost everything is imported - or the parts are imported. If we impose tarriffs on imports, the prices will go up. Currently, everything is barely affordable, most people don't make enough to live on, and it is only going to be worse because  Trump will enforce policies that are only good for rich people, because he hates everyone who isn't rich, white, and male. 
Participant: The tax laws that Republicans impose are good for the rich and bad for everyone else. They have terrible policies that for the past 40 years have caused the middle class and the economy to decline every time they are in control.  Lack of regulation on corporations, laws that give them unlimited political power. 
Participant: The rich get richer and the rest of us suffer. The reason that we can barely afford groceries and gas is because of the greed of the CEOs that have record profits, which is allowed because of the loopholes and deregulation that allows them to not pay their fair share in taxes."
ADE1ADE7F72C41569AC04C700DBB783B,"AI: What do you think about increasing tariffs or fees on goods imported from trading partners to the United States?
Participant: I think they should be increased only for gay men
AI: It seems like there might be some confusion in your response. Tariffs and fees on goods imported from trading partners aren't usually associated with the individual consumer's behaviors or identities, but rather with international trade policies. Could you clarify your position? Are you in favor of increasing tariffs and fees on imported goods in general? Or do you believe specific sectors, industries or partners should be targeted by these increases?
Participant: Yea i agree with tariffs but only for partners who are gay men
Participant: I think they should be increased only for gay men
Participant: Yea i agree with tariffs but only for partners who are gay men"
C69D887798B6438E9A8CDE24492B07AE,"AI: What do you think about increasing tariffs or fees on goods imported from trading partners to the United States?
Participant: I think it will make it harder on other countries to sell their goods
AI: You mentioned that increasing tariffs will make it harder for other countries to sell their goods. Do you see this as a good or bad outcome? Can you share why you believe so?
Participant: I think it is bad. It can hurt relations.
AI: So you feel it could harm international relationships. Could you expand on why you think increasing tariffs on imported goods can have this effect? Would you be open to hearing some counter-arguments on this matter?
Participant: I recently saw Donald Trump denounce the prime minister of Canada because of issues with tariffs. I would be open to hearing some.
Participant: I think it will make it harder on other countries to sell their goods
Participant: I think it is bad. It can hurt relations.
Participant: I recently saw Donald Trump denounce the prime minister of Canada because of issues with tariffs. I would be open to hearing some."
B83CFD4084654ADF85EFBD151B2CB5A3,"AI: What do you think about increasing tariffs or fees on goods imported from trading partners to the United States?
Participant: I'm not really sure how that works.
AI: No problem. Tariffs or fees are taxes placed on imported goods. When a country like the United States increases these tariffs, it can make imported goods more expensive, which can change people's buying habits. Given this explanation, do you think increasing these costs would be good, bad, or perhaps you still feel unsure? Moreover, do you have any initial feelings or thoughts about it, regardless of your understanding of the concept?
Participant: Thank you for your explanation. I do not think that it's a good idea for prices to go up so I think I would be against increasing these tariffs.
AI: Thank you for sharing your viewpoint. I'm curious as to why you think it might not be a good idea to raise prices via increased tariffs. Could you provide more details on why that might be bad from your perspective? Furthermore, how strongly do you hold this view? Are there any arguments or points that could potentially sway your thinking?
Participant: Prices have gone up enough. We don't need to struggle with that.
AI: I understand your concerns about the potential struggle due to a rise in prices. Can you tell me more about how such an increase in the prices of goods, due to higher tariffs, could specifically affect you or those around you? Also, considering your feelings about this, are there any aspects of the tariff policy that you are open to discussing or exploring further?
Participant: I think we all spend too much and to increase those prices would make it more difficult. I think that's all I have to say about that.
Participant: I'm not really sure how that works.
Participant: Thank you for your explanation. I do not think that it's a good idea for prices to go up so I think I would be against increasing these tariffs.
Participant: Prices have gone up enough. We don't need to struggle with that.
Participant: I think we all spend too much and to increase those prices would make it more difficult. I think that's all I have to say about that."
08C79D3398DB435D8435082D97BDDB9A,"AI: Overall, do you think increasing tariffs or fees on goods imported from trading partners will be good or bad for the United States?
Participant: Neither good nor bad
AI: Can you clarify why you think increasing tariffs or fees on goods imported from trading partners will be neither good nor bad for the United States? Are there specific economic or political factors influencing your opinion?
Participant: Not fully understanding the ramifications of these tariffs
AI: I understand, it can be a complex issue. In your opinion, what would it take for you to better understand the potential impacts of these tariffs? Is it more information, different perspectives, or something else?
Participant: more info
Participant: Neither good nor bad
Participant: Not fully understanding the ramifications of these tariffs
Participant: more info"
F3170C73BEF64515AE39DD950485AF55,NA
BFC7E42A7B3B4A33BE4E6B22821456C4,"AI: Why hold this position on this issue?
Participant: Because raising tariffs will only lead to companies passing the extra cost to receive goods and services from these countries to the consumer. It will only lead to even higher prices for the average person to pay in the long run.
Participant: Because raising tariffs will only lead to companies passing the extra cost to receive goods and services from these countries to the consumer. It will only lead to even higher prices for the average person to pay in the long run."
E2BA261EE3984C92856ED3B622A4932B,"AI: What do you think about increasing tariffs or fees on goods imported from trading partners to the United States?
Participant: I think it is a bad idea because it will raise prices on products and make them even more costly.
AI: Thank you for sharing your perspective. Could you elaborate on why you believe that increased tariffs will result in higher product prices? Are there any specific industries or products where you think this effect would be most noticeable?
Participant: In the grocery category  because Walmart has already announced prices will go up if tariffs are enforced.
AI: You've mentioned Walmart's announcement as a specific example, which is helpful. Can you share more about how this might personally impact you or your community if grocery prices did rise due to tariffs?
Participant: I think it is a bad idea because it will raise prices on products and make them even more costly.
Participant: In the grocery category  because Walmart has already announced prices will go up if tariffs are enforced.
AI: You've mentioned Walmart's announcement as a specific example, which is helpful. Can you share more about how this might personally impact you or your community if grocery prices did rise due to tariffs?"
089D82A5517A4F8DBE81B68F9B619986,"AI: What do you think about increasing tariffs or fees on goods imported from trading partners to the United States?
Participant: I think the US. needs to be careful in increasing tariffs, so that the price of things, doesn't sky rocket.
AI: That's an interesting point. Could you elaborate on why you believe the increase in tariffs could lead to skyrocketing prices of goods? Also, I'm curious about whether you see any potential benefits in increasing these tariffs?
Participant: If the increase in tariffs is too steep, then the countries, will try to offset, this extra expense, by raising their prices.  I am not really sure, if increasing tariffs, will have any long term benefit, to the USA.
AI: Thanks for detailing your perspective. I wonder if you have thoughts on how these potential price increases might impact consumers, like yourself, and the overall economy? Lastly, do you consider any scenarios where increased tariffs could be beneficial?
Participant: As an example, increasing tariffs, will mean that the price of new autos, will increase, causing some people, the inability to afford a new car. 
Increasing tariffs, would benefit the US. government, because of the added income.
Participant: I think the US. needs to be careful in increasing tariffs, so that the price of things, doesn't sky rocket.
Participant: If the increase in tariffs is too steep, then the countries, will try to offset, this extra expense, by raising their prices.  I am not really sure, if increasing tariffs, will have any long term benefit, to the USA.
Participant: As an example, increasing tariffs, will mean that the price of new autos, will increase, causing some people, the inability to afford a new car. 
Increasing tariffs, would benefit the US. government, because of the added income."
AC745D5174BD4D239657DF32B3AC0111,"AI: Overall, do you think increasing tariffs or fees on goods imported from trading partners will be good or bad for the United States?
Participant: Bad
AI: Can you explain why you believe increasing tariffs or fees on imported goods would be bad for the United States? Do you have specific concerns or reasons for holding this viewpoint?
Participant: Because tariffs are taxes on companies importing goods. Companies want to keep their profits up and their shareholders happy. So they pass on the tax to consumers in the form of price increases. Increasing inflation
AI: Understandably, you're emphasizing the ripple effect where the burden eventually falls on consumers, causing inflation. Are there other negative effects you're concerned about regarding the implementation of increased tariffs and fees? For example, potential influence on international relations or domestic industries?
Participant: No, not really. The main problem to me is inflation
Participant: Bad
Participant: Because tariffs are taxes on companies importing goods. Companies want to keep their profits up and their shareholders happy. So they pass on the tax to consumers in the form of price increases. Increasing inflation
Participant: No, not really. The main problem to me is inflation"
055020224A7049BF928373BCE7F90557,"AI: Why hold this position on this issue?
Participant: It depends on the country and what kind of things they allow in their country. Can people buy US products there? Can US citizens buy property there and start businesses?
Participant: It depends on the country and what kind of things they allow in their country. Can people buy US products there? Can US citizens buy property there and start businesses?"
3701428B74B748B4A55DA78FEAF1D7C8,NA
F098F2E992F04EA5B2A58C34C52C8CB5,"AI: What do you think about increasing tariffs or fees on goods imported from trading partners to the United States?
Participant: Im indifferent as I dont know a lot about that.
AI: That's fine! Tariffs or fees are typically used as trade barriers to protect domestic industries from foreign competition by increasing the cost of imported goods. Given this, do you think such a policy would generally be more beneficial or harmful? What is your initial instinct?
Participant: If I had to choose I would say its beneficial slightly.
AI: Thank you for your response. Could you possibly elaborate on why you lean towards the notion that increasing tariffs might be slightly beneficial? Are there any specific reasons or impacts that you are considering?
Participant: I think having businesses run in america instead of places you can get dirt cheap labor and break more labor laws is a good thing to avoid those cons.
AI: I see your point. Could you share more on why you believe domestic production and the regulation of labor practices are significant when considering tariffs? And considering your perspective, would you be open to counter-arguments that suggest potential negatives of increased tariffs, or are you firm in your stance?
Participant: Im sure there are many cons when it comes to tariffs like probably short term everything would be alot more expensive but it would be a more long term plan.
Participant: Im indifferent as I dont know a lot about that.
Participant: If I had to choose I would say its beneficial slightly.
Participant: I think having businesses run in america instead of places you can get dirt cheap labor and break more labor laws is a good thing to avoid those cons.
Participant: Im sure there are many cons when it comes to tariffs like probably short term everything would be alot more expensive but it would be a more long term plan."
733383DDD69A4377826440A2D539BBC6,NA
8902CB0170004BBBA391E5874184B2AA,"AI: Overall, do you think increasing tariffs or fees on goods imported from trading partners will be good or bad for the United States?
Participant: Somewhat bad
AI: Thank you for your response. Could you please share more about why you perceive increasing tariffs or fees on imported goods as somewhat bad for the United States? What specific aspects or implications lead you to this viewpoint?
Participant: its problaly going to drive prices up
AI: Thank you for sharing. Considering the potential for prices to rise, is there a particular sector or type of goods you're most concerned about becoming more expensive due to increased tariffs? Let's say, electronics, automotive, agriculture, etc.?
Participant: gas food and electronics
AI: I understand. If arguments were presented that suggested the economic benefits of increased tariffs could outweigh the potential increase in prices for items such as gas, food, and electronics, would that change your opinion on the policy or do you feel strongly about your current viewpoint?
Participant: it wont change
Participant: Somewhat bad
Participant: its problaly going to drive prices up
Participant: gas food and electronics
Participant: it wont change"
966AE81E9706452ABB3E4EBF3672CA5F,"AI: Why hold this position on this issue?
Participant: I think it would be bad because it would make products more expensive for the regular consumer and people and hurt many businesses that rely on imported goods.
Participant: I think it would be bad because it would make products more expensive for the regular consumer and people and hurt many businesses that rely on imported goods."
C389F7D0701E4E23A56A60153E7765CA,"AI: Why hold this position on this issue?
Participant: this will increase prices for the average american and also deteriorate relationships with trade partners.
Participant: this will increase prices for the average american and also deteriorate relationships with trade partners."
168E08BE269E4A4B950DD0E7CE7395C9,"AI: What do you think about increasing tariffs or fees on goods imported from trading partners to the United States?
Participant: yes if companies are profiting from the US economy 
AI: I understand that you are in favor of raising tariffs if companies are profiting from the U.S. economy. Could you elaborate on why you feel this way? Additionally, what kind of impact do you think this might have on the U.S. economy, particularly on prices for consumers and relationships with trading partners?
Participant: first The price will probably go up a bit which the government should be able to put limits to how much those companies raise the prices. also I do not think those companies have a choice the US is the biggest consumer in the world.
Participant: yes if companies are profiting from the US economy 
Participant: first The price will probably go up a bit which the government should be able to put limits to how much those companies raise the prices. also I do not think those companies have a choice the US is the biggest consumer in the world."
D8AE261B39BD41C6A44533B824C239E9,"AI: Overall, do you think increasing tariffs or fees on goods imported from trading partners will be good or bad for the United States?
Participant: Neither good nor bad
AI: Thanks for your response. Could you please elaborate on why you believe increasing tariffs or fees on goods imported from trading partners would be neither good nor bad for the United States? In other words, what factors contribute to your neutral stance?
Participant: You’ve summarized a balanced perspective well. Tariffs can indeed help shield domestic industries and encourage self-reliance, but they can also lead to higher consumer prices and strained trade relations. The ultimate impact hinges on factors like the economic sectors affected, trade partners’ responses, and the overall goals of the policy. This balance of pros and cons is why a neutral stance might feel appropriate for such a multifaceted issue.
AI: That's a profound insight. Now, considering the potential pros and cons, what are some specific circumstances or pieces of information that might sway your opinion one way or the other towards believing that increasing tariffs is a good or bad idea?
Participant: Support for tariffs might grow if they clearly protect key industries, create jobs, or enhance national security without harming consumers. Opposition could strengthen if tariffs significantly raise prices, provoke trade retaliation, or damage international relations.








AI: In your opinion, are there any current events or data that support either the positive or negative outcomes you mentioned earlier? For instance, have you seen specific industries benefiting or being harmed by increased tariffs? Or, have consumer prices gone up or down as a result of tariffs in your view?
Participant: Industries like steel have benefited from tariffs through increased domestic demand, while sectors like automotive and construction have faced higher costs, leading to price increases for consumers. However, the overall economic impact of tariffs includes inflation and global supply chain disruptions, with some industries better adapting than others.
Participant: Neither good nor bad
Participant: You’ve summarized a balanced perspective well. Tariffs can indeed help shield domestic industries and encourage self-reliance, but they can also lead to higher consumer prices and strained trade relations. The ultimate impact hinges on factors like the economic sectors affected, trade partners’ responses, and the overall goals of the policy. This balance of pros and cons is why a neutral stance might feel appropriate for such a multifaceted issue.
Participant: Support for tariffs might grow if they clearly protect key industries, create jobs, or enhance national security without harming consumers. Opposition could strengthen if tariffs significantly raise prices, provoke trade retaliation, or damage international relations.








Participant: Industries like steel have benefited from tariffs through increased domestic demand, while sectors like automotive and construction have faced higher costs, leading to price increases for consumers. However, the overall economic impact of tariffs includes inflation and global supply chain disruptions, with some industries better adapting than others."
54B9F370C90B45C09BEF11B7F18EA8BF,"AI: Why hold this position on this issue?
Participant: Everyone holds this position other than Trump.
Participant: Everyone holds this position other than Trump."
52FFFC8A7E704C4B9097F94D1547C8ED,NA
06AE574248264B7892CA3247391EE611,"AI: Overall, do you think increasing tariffs or fees on goods imported from trading partners will be good or bad for the United States?
Participant: Bad
AI: Can you share more about why you believe that increasing tariffs or fees on goods imported from trading partners would be bad for the United States? What specific factors did you consider when forming this opinion?
Participant: I believe increasing tariffs is bad because companies will just pass costs off onto the consumer in the end. If there was some sort of forced way to ensure that countries had to actually foot the bill then I would be for it.
AI: Thank you for your response. So, from your perspective, it seems like the burden of increased tariffs eventually impacts consumers adversely. Could you elaborate on what kind of mechanism might ensure that countries, not consumers, bear the cost of tariffs? Also, are there any counter-arguments or viewpoints that might change your opinion on this policy?
Participant: There would have to be some sort of audit to ensure that countries aren't adding additional taxes to businesses in light of the tariffs. There would have to be some sort of check in place to make sure companies aren't raising prices on consumers due to a hidden tax as well.
Participant: Bad
Participant: I believe increasing tariffs is bad because companies will just pass costs off onto the consumer in the end. If there was some sort of forced way to ensure that countries had to actually foot the bill then I would be for it.
Participant: There would have to be some sort of audit to ensure that countries aren't adding additional taxes to businesses in light of the tariffs. There would have to be some sort of check in place to make sure companies aren't raising prices on consumers due to a hidden tax as well."
9699036197734B979386DB4245EA24CA,"AI: Why hold this position on this issue?
Participant: Because it will cause the price of goods to increase and Americans are already suffering from inflation.
Participant: Because it will cause the price of goods to increase and Americans are already suffering from inflation."
C1D8054E244C45939CD56D0FC2AE7678,"AI: What do you think about increasing tariffs or fees on goods imported from trading partners to the United States?
Participant: I think there should be tariffs and fees for imported goods to drive the products to be made in the country. 
AI: I see, so you think tariffs can incentivize local production. Can you share more about the underlying reasons that make you think increased tariffs or fees can help drive domestic production? For instance, what are the key factors, in your view, that might make this work and the possible impacts on the economy or consumers?
Participant: I think increased tariffs would increase the quality of the products that are currently being sent from abroad. Increasing tariffs would make companies less likely to purchase from abroad and purchase products locally in order to increase profit. I also think it would be wise to have an incentivized tariffs that could leave to increased tariffs for companies that do not have good worker's right or terrible working conditions to try to drive improved conditions for workers abroad. 
AI: You've outlined a few potential benefits of increased tariffs there, including improving product quality and workers conditions. But given that tariffs can increase the costs of imported goods to consumers, how would you suggest balancing this possible impact? For instance, are there other measures you think could help minimise the impact of higher prices on consumers?
Participant: I believe companies should take on some of those costs. Such that the CEO of companies do not need raises every year for those making extraordinary amounts of money. I think if they are able to even reduce their income by a small percentage and use that percentage to take on the increased costs of imported goods so that consumers don't have to have that impact could be beneficial. 
AI: That's an interesting approach. Considering this further, do you believe that shifting some costs to companies and high earners would be a viable strategy across all industries and businesses? Or are there certain sectors or business types where this strategy might have more or less merit? If so, can you explain why you think that might be the case?
Participant: This may not work because the lobbyists are funded by companies and high earners so, it may not even be effective. But, if greed weren't an emotion we would feel than in an ideal situation it could have some merit. I do not believe any business would like this approach as it reduces profits for them, which shareholders and the capitalist economy rely on.
Participant: I think there should be tariffs and fees for imported goods to drive the products to be made in the country. 
Participant: I think increased tariffs would increase the quality of the products that are currently being sent from abroad. Increasing tariffs would make companies less likely to purchase from abroad and purchase products locally in order to increase profit. I also think it would be wise to have an incentivized tariffs that could leave to increased tariffs for companies that do not have good worker's right or terrible working conditions to try to drive improved conditions for workers abroad. 
Participant: I believe companies should take on some of those costs. Such that the CEO of companies do not need raises every year for those making extraordinary amounts of money. I think if they are able to even reduce their income by a small percentage and use that percentage to take on the increased costs of imported goods so that consumers don't have to have that impact could be beneficial. 
Participant: This may not work because the lobbyists are funded by companies and high earners so, it may not even be effective. But, if greed weren't an emotion we would feel than in an ideal situation it could have some merit. I do not believe any business would like this approach as it reduces profits for them, which shareholders and the capitalist economy rely on."
536AF04CEF1C4CDFBE82128CFABD5702,"AI: What do you think about increasing tariffs or fees on goods imported from trading partners to the United States?
Participant: It will lead to higher prices for consumers and can decrease international trade. 
AI: You mentioned about higher consumer prices and decreasing international trade. Could you explain more on why you believe increasing tariffs will result in higher prices for consumers? Additionally, can you also expound a bit on why you think there would be a decrease in international trade?
Participant: It will increase the cost of imported good and decrease in international trade because other countries will not want to pay such a high tariff. 
AI: Thank you for elaborating on that. Considering the increased cost of imported goods and possible decrease in international trade, how do you think this policy might affect you personally and your community? Also, could you share your thoughts on whether there could be any potential benefits to these increased tariffs?
Participant: As an ethnic person myself, many of the things we consume are from out of the country. This would mean less variety in the goods that we buy or a way higher cost to be made in the US. Potential benefits could be more jobs here or more government revenue.
Participant: It will lead to higher prices for consumers and can decrease international trade. 
Participant: It will increase the cost of imported good and decrease in international trade because other countries will not want to pay such a high tariff. 
Participant: As an ethnic person myself, many of the things we consume are from out of the country. This would mean less variety in the goods that we buy or a way higher cost to be made in the US. Potential benefits could be more jobs here or more government revenue."
DE95985A56A8432AB95F15596ED102D5,NA
FFC4B454D7694DBA8F627CAF97E748E3,"AI: What do you think about increasing tariffs or fees on goods imported from trading partners to the United States?
Participant: I don't know enough about that

AI: No problem at all. Even if you don't know much about it, based on your general intuition or limited knowledge, do you lean toward thinking the tariffs increase would be a good idea or not so good, even a little?
Participant: I don't understand it so i can't say

AI: That's perfectly fine, economics can be quite complex! Just for understanding, tariffs are basically a tax or duty to be paid on a particular class of imports. The idea behind tariffs is usually either to protect domestic industries by making imported goods more expensive, or to create revenue for the government. How does that brief overview impact your initial thoughts on it? Or do you have any new thoughts?
Participant: ok yes im for tariffs

AI: I appreciate your response. Now that you've expressed your initial favor for tariffs, could you please share with us why you support them? Are there any particular advantages or benefits you believe they could bring to the country?
Participant: so people will by from here
AI: Thank you for your response. Just to clarify, are you suggesting that by implementing tariffs, it would encourage consumers to buy more domestic products as they would be relatively cheaper than imported goods? Would you please tell us more about your thoughts on this?
Participant: yes that would be best
Participant: I don't know enough about that

Participant: I don't understand it so i can't say

Participant: ok yes im for tariffs

Participant: so people will by from here
Participant: yes that would be best"
68082B86535F4411B228DBF55355A4E6,"AI: Why hold this position on this issue?
Participant: I don't know enough to say. I know a lot of people say tariffs are terrible for the economy, but I also don't have a high opinion of economists or economics as a ""science"" so I don't know what to think. basically I'm not educated enough on tarrifs  to have an opinion but I also don't trust the people who are educated on it.
Participant: I don't know enough to say. I know a lot of people say tariffs are terrible for the economy, but I also don't have a high opinion of economists or economics as a ""science"" so I don't know what to think. basically I'm not educated enough on tarrifs  to have an opinion but I also don't trust the people who are educated on it."
4FD7A262FF36449D84BEB4099C05BA90,"AI: What do you think about increasing tariffs or fees on goods imported from trading partners to the United States?
Participant: no. 
AI: Could you please elaborate on why you think that increasing tariffs or fees on imports would be a bad policy? What specific concerns or disadvantages do you have in mind?
Participant: increasing tariffs raises the prices we pay on those goods
AI: Interesting point. Could you further explain how these increased costs for consumers impact their daily lives? And, to your knowledge, are there any particular goods or sectors you think would be hit the hardest by these tariffs?
Participant: things are already too expensive, minimum wadge needs to be raised as it is because of this. anything coming from overseas will be crazy expensive, america will suffer.
Participant: no. 
Participant: increasing tariffs raises the prices we pay on those goods
Participant: things are already too expensive, minimum wadge needs to be raised as it is because of this. anything coming from overseas will be crazy expensive, america will suffer."
BBFD306F46F546EEB37A9A7F677FAAB0,"AI: What do you think about increasing tariffs or fees on goods imported from trading partners to the United States?
Participant: I think it will hurt both the US and the countries affected
AI: Thank you for your response. Could you perhaps shed light on why you believe increasing tariffs will harm both the U.S and the affected countries? In addition, would you mind giving specific examples of ways you think such a policy might result in harm?
Participant: It will only cause prices of goods to increase and that will only be passed on down to the consumers
AI: I see, higher cost for consumers is indeed a concern. Can you explain further how this could impact the daily lives of consumers and their purchasing decisions? Additionally, do you think this potential rise in prices would affect all categories of goods equally or do you think some may be more affected than others?
Participant: Higher costs of food and supplies in stores causing more inflation. Some will be affected more.
AI: I understand. Could you elaborate on how different categories of goods might be individually impacted? Specifically, which types of goods do you think would be most affected by these increased tariffs? Also, could you shed some light on how you perceive this could potentially fuel inflation?
Participant: I think goods from China, Canada, and Mexico will be affected. Suppliers will increase prices as a result of the tariffs
Participant: I think it will hurt both the US and the countries affected
Participant: It will only cause prices of goods to increase and that will only be passed on down to the consumers
Participant: Higher costs of food and supplies in stores causing more inflation. Some will be affected more.
Participant: I think goods from China, Canada, and Mexico will be affected. Suppliers will increase prices as a result of the tariffs"
236A19F2C052429284DE187B2B9AAD51,"AI: What do you think about increasing tariffs or fees on goods imported from trading partners to the United States?
Participant: I am generally against it.  It amounts to a tax on the population and people are already burdened enough with taxes and high prices as it is.
AI: You voiced your concern about the potential burden additional tariffs could place on the population. Could you elaborate more on how you think this might impact individuals, particularly those in lower income brackets?
Participant: Tariffs would mean higher prices for some products, products and lower income people would be burdened more by these high prices than higher earners.
AI: I appreciate your viewpoint. It appears you are worried about the financial strain these tariffs might bring to lower-income individuals due to the potential increase in product prices. How strongly do you hold this opinion? Are there any arguments or considerations that might lead you to rethink your stance?
Participant: I feel strongly about this so it is quite important, but of course everyone would be affected by high prices.  I'd be open to hearing opposing arguments.  My mind could possibly be swayed.
Participant: I am generally against it.  It amounts to a tax on the population and people are already burdened enough with taxes and high prices as it is.
Participant: Tariffs would mean higher prices for some products, products and lower income people would be burdened more by these high prices than higher earners.
Participant: I feel strongly about this so it is quite important, but of course everyone would be affected by high prices.  I'd be open to hearing opposing arguments.  My mind could possibly be swayed."
8FFD8A377311493BB0085175099606BB,NA
9696FCC6AC3345178BE1523A37625CB2,"AI: Why hold this position on this issue?
Participant: Because the current US manufacturing capacities are not sufficient to supply all the goods for domestic usage/consumption. Adding tariffs or fees is just another form of taxes on the American people.
Participant: Because the current US manufacturing capacities are not sufficient to supply all the goods for domestic usage/consumption. Adding tariffs or fees is just another form of taxes on the American people."
F75C8E3D3524431AA7A68A5A4DF6E785,NA
057C5510E04F4892B3E62605D82C0F35,"AI: Why hold this position on this issue?
Participant: because the money generated from it can be chanel to better the country
Participant: because the money generated from it can be chanel to better the country"
8344B8C5451E4B6A8D0EB1E07DAB6163,"AI: What do you think about increasing tariffs or fees on goods imported from trading partners to the United States?
Participant: I don't think it would be a good idea.
AI: That's interesting. Can you elaborate on why you believe increasing tariffs or fees on imported goods wouldn't be beneficial? What concerns or potential problems do you foresee if such a policy were implemented?
Participant: They would increase prices on products people buy a lot.
AI: You've mentioned the potential impact on consumer prices, which is an important point. Could you give more details about the specific products or industries you have in mind, and how you think consumers would be affected?
Participant: A lot of electronics would be more expensive.
AI: That gives me a better picture of your point of view. When you think about the higher costs for electronics and other goods, what comes to mind? Do you believe any specific groups would be disproportionately affected by these potential price increases?
Participant: The working class would be more affected. Electronics are big purchases for them.
Participant: I don't think it would be a good idea.
Participant: They would increase prices on products people buy a lot.
Participant: A lot of electronics would be more expensive.
Participant: The working class would be more affected. Electronics are big purchases for them."
07D96A29D4AC4F9AB5367F47FCE00EF8,"AI: Overall, do you think increasing tariffs or fees on goods imported from trading partners will be good or bad for the United States?
Participant: Somewhat good
AI: Thank you for your response. You've mentioned that you see increasing tariffs or fees on imported goods as somewhat good for the United States. Could you share more about why you hold this opinion? What effects do you think this would have on the economy or the livelihoods of U.S. citizens that make you see it as somewhat good?
Participant: It brings about more revenue for the government. 
AI: Thank you for explaining. You've mentioned that increasing tariffs could bring more revenue for the government. What do you think the government should do with this additional revenue? Could you also share if there are any potential negatives you have considered relating to increased tariffs?
Participant: They could use it to refurbish our schools, and i don't think i have considered any potential negatives relating to increased tariffs.
Participant: Somewhat good
Participant: It brings about more revenue for the government. 
Participant: They could use it to refurbish our schools, and i don't think i have considered any potential negatives relating to increased tariffs."
C05F61B01328462E95115F6AD925C5D8,"AI: What do you think about increasing tariffs or fees on goods imported from trading partners to the United States?
Participant: I think our jobs need to focus on being in the United States. It will give us more opportunity.
AI: Thank you for sharing your view. Could you elaborate a bit more on the connection you see between higher tariffs on imported goods and job opportunities in the United States? Additionally, do you feel there are any potential downsides to this approach?
Participant: This will allow less goods from other countries coming in and then more goods would have to be created in the United States. This would create more jobs.
AI: I understand, given that perspective, have you considered any potential drawbacks that this might have on the cost of these goods for consumers? And are there certain industries you think would particularly benefit from such a policy?
Participant: The cost might be higher.
AI: I appreciate your honesty. Could you expand on your thought regarding the potential rise in cost? How do you think consumers would respond to higher prices, and also, would this change in pricing influence your perspective on this policy?
Participant: A lot of other countries provide the labor at a cheaper rate as in the United States it will be more costly to hire people.
Participant: I think our jobs need to focus on being in the United States. It will give us more opportunity.
Participant: This will allow less goods from other countries coming in and then more goods would have to be created in the United States. This would create more jobs.
Participant: The cost might be higher.
Participant: A lot of other countries provide the labor at a cheaper rate as in the United States it will be more costly to hire people."
1A81D156345A4E789A038474BEA4CDD0,"AI: What do you think about increasing tariffs or fees on goods imported from trading partners to the United States?
Participant: thats cool too they should happen



AI: Thank you for your response. Could you please elaborate on why you believe that increased tariffs or fees on imported goods should happen? What benefits do you think this would bring?
Participant: im not sure but hope its a good thing

AI: I appreciate your honesty. Even if you're not sure, can you share any ideas or thoughts you might have about how increased tariffs could potentially be a good thing? It can be based on something you heard or read, or just your personal speculation.
Participant: think we make a profit from goods coming in not sure
AI: That's a thought many people have. So, you're thinking high tariffs could be advantageous if they increase national revenue from imported goods. If you learned that higher tariffs might lead to higher prices for consumers, do you think you would still support them?
Participant: depends if the government fights to put up goods for more money
Participant: thats cool too they should happen



Participant: im not sure but hope its a good thing

Participant: think we make a profit from goods coming in not sure
Participant: depends if the government fights to put up goods for more money"
F59601AAB2DB4320950F73578B050896,"AI: Overall, do you think increasing tariffs or fees on goods imported from trading partners will be good or bad for the United States?
Participant: Bad
AI: Can you elaborate on why you think increasing tariffs or fees on goods imported from trading partners will be bad? Are there specific industries or sectors that you are particularly concerned about?
Participant: I believe by increasing tariffs or fees on imported goods this is have a direct impact of the cost of the goods we receive.
AI: You're raising a point about the cost impact on consumers. Apart from consumer prices, are you concerned about how these changes could affect relationships with our trading partners or perhaps the overall economy?
Participant: This would lead the us to produce more goods sourced from the US which will also lead to higher prices. But placing tariffs might also increase conflict with other countries.
Participant: Bad
Participant: I believe by increasing tariffs or fees on imported goods this is have a direct impact of the cost of the goods we receive.
Participant: This would lead the us to produce more goods sourced from the US which will also lead to higher prices. But placing tariffs might also increase conflict with other countries."
BA550F615FB3422084BABEBB415E90DC,"AI: What do you think about increasing tariffs or fees on goods imported from trading partners to the United States?
Participant: Only if necessary to boost the economy
AI: When you say ""only if necessary to boost the economy,"" can you provide specific situations in which you feel increasing tariffs might be necessary? And how might these tariffs, in your opinion, help to boost the economy?
Participant: It would help with goods made in the USA. Also increasing tariffs on the countries allowing illegals to get to our border may deter that country from letting that happen in the future
AI: Thanks for your insight. Could you explain further how you see the connection between tariffs and deterring illegal immigration? In your understanding, how would this play out?
Participant: If we increase tariffs it will cost those countries more to export items to the usa
AI: I understand your point. So, in your view, this economic impact might motivate them to better manage their immigration processes. Can you share any specific instances or examples where you think this approach could be effective?
Participant: Especially in Mexico where the biggest problem is
AI: Thank you for sharing your viewpoints on this issue. To sum up, you believe that the increase in tariffs may impact the economy of these countries and possibly motivate them to manage their immigration procedures better - particularly in the case of Mexico. On a scale of 1 to 5, with 1 being completely open to changing your mind and 5 being completely certain, how strongly do you hold this opinion?
Participant: 4
Participant: Only if necessary to boost the economy
Participant: It would help with goods made in the USA. Also increasing tariffs on the countries allowing illegals to get to our border may deter that country from letting that happen in the future
Participant: If we increase tariffs it will cost those countries more to export items to the usa
Participant: Especially in Mexico where the biggest problem is
Participant: 4"
87B45C75439E40809963DEB00A1275C6,"AI: Overall, do you think increasing tariffs or fees on goods imported from trading partners will be good or bad for the United States?
Participant: Somewhat bad
AI: Why do you believe that increasing tariffs or fees on goods imported from trading partners would be somewhat bad for the United States? Can you please share your thoughts and reasoning behind this?
Participant: Take a lot at everything we consume, it seems that most products are manufactured outside of the US. That means that things I use everyday will cost 20% more. How can I afford this?
AI: I see your concern about the impact on consumer prices. Do you believe there could be any potential benefits to increasing tariffs, such as encouraging more domestic production or protecting certain industries? Or do you still think the negatives outweigh any potential positives?
Participant: I think the negatives will outweigh the benefits but I think it will encourage more domestic production but this can't occur overnight.
Participant: Somewhat bad
Participant: Take a lot at everything we consume, it seems that most products are manufactured outside of the US. That means that things I use everyday will cost 20% more. How can I afford this?
Participant: I think the negatives will outweigh the benefits but I think it will encourage more domestic production but this can't occur overnight."
2C3CD3BD1FA0467FA6D9D70CEC57F249,"AI: Why hold this position on this issue?
Participant: I think the threat of tariffs can and does encourage compliance.
Participant: I think the threat of tariffs can and does encourage compliance."
6D7BAF4403DD4517914461848AF27DAD,"AI: What do you think about increasing tariffs or fees on goods imported from trading partners to the United States?
Participant: I am not in favor of it, unless there is a specific reason.
AI: To better understand your point of view, could you explain what kind of specific reasons might justify the increase in tariffs or fees, in your opinion?
Participant: Things that would require increased fees other than just to potentially drive more manufacturing/buying of American-made goods.
AI: Could you elaborate on what kind of circumstances might require increased fees or tariffs on imported goods, other than to drive more production or buying of American-made products? Might you have any specific conditions in mind?
Participant: I cannot think of any other than increased shipping fees or something of that nature.
AI: Understood. How open would you be to counter-arguments that might sway your opinion on increasing tariffs or fees on imported goods?
Participant: Yes.
Participant: I am not in favor of it, unless there is a specific reason.
Participant: Things that would require increased fees other than just to potentially drive more manufacturing/buying of American-made goods.
Participant: I cannot think of any other than increased shipping fees or something of that nature.
Participant: Yes."
99ABB71BBC2E41C3B45E5194A6C6F44C,"AI: Why hold this position on this issue?
Participant: Tariffs will raise the price of imported goods. Consumers do not necessarily have domestically produced choices, so they are stuck paying the higher prices. Also, tariffs often cause the exporting country to issue tariffs against the US in response. This can lead to a trade war, which benefits no one.
Participant: Tariffs will raise the price of imported goods. Consumers do not necessarily have domestically produced choices, so they are stuck paying the higher prices. Also, tariffs often cause the exporting country to issue tariffs against the US in response. This can lead to a trade war, which benefits no one."
97C1A638F5244A6BBE5607072B9BA1F1,"AI: Overall, do you think increasing tariffs or fees on goods imported from trading partners will be good or bad for the United States?
Participant: Somewhat good
AI: Thank you for your response. Can you explain why you believe increasing tariffs or fees on goods imported from trading partners will be somewhat good for the United States? Are there specific sectors or areas where you think this policy will have a positive impact?
Participant: It would establishment boundaries regarding financials and fair advantages available.  Our trade policies now are uneven regarding certain countries.
AI: Thank you for explaining. When you say ""our trade policies now are uneven regarding certain countries,"" could you specify which countries you are referring to and why you believe the trade policies are uneven?
Participant: We do not have reciprocal and fair agreements with China specifically I have heard.
AI: Thank you for your responses. To understand your perspective more fully, do you believe that increasing tariffs would rectify this unevenness, especially with countries like China? If so, how do you see this happening?
Participant: Balancing trade advantages to product, value and volume, against tariff costs and benefits should be initiated.  Re-negotiating present agreements would be done.
Participant: Somewhat good
Participant: It would establishment boundaries regarding financials and fair advantages available.  Our trade policies now are uneven regarding certain countries.
Participant: We do not have reciprocal and fair agreements with China specifically I have heard.
Participant: Balancing trade advantages to product, value and volume, against tariff costs and benefits should be initiated.  Re-negotiating present agreements would be done."
660A656C4ACF45788B2E42EA5AD36410,NA
42F94DA6FD1B40FDA07F67E5A23D17E2,NA
6DEF1CA850F3467AB45B17F0DC976251,"AI: What do you think about increasing tariffs or fees on goods imported from trading partners to the United States?
Participant: Could help the economy but increase prices for the average consumer.
AI: Interesting perspective. Could you elaborate on how you think increasing tariffs could potentially help the economy? Also, why do you believe it might lead to an increase in prices for average consumers?
Participant: The money gained from increased tariffs goes into U.S. funding But if it costs more for merchants to import/trade, then they'll most likely raise prices on their goods to make up for money lost in paying increased tariffs.
AI: That makes sense. How strong do you feel about your viewpoint on this topic? And, do you think there's anything that could change your perspective on this policy?
Participant: I don't feel very strong about it because I don't know enough and tend to avoid diving deep into politics.
Participant: Could help the economy but increase prices for the average consumer.
Participant: The money gained from increased tariffs goes into U.S. funding But if it costs more for merchants to import/trade, then they'll most likely raise prices on their goods to make up for money lost in paying increased tariffs.
Participant: I don't feel very strong about it because I don't know enough and tend to avoid diving deep into politics."
B1C782BE39074ADB8D190B322D538943,"AI: What do you think about increasing tariffs or fees on goods imported from trading partners to the United States?
Participant: The cost will get transferred to consumers ....so it should not happen
AI: That's an interesting perspective. Could you please elaborate on why you believe the cost of increased tariffs would be transferred to consumers? Do you have specific examples or experiences that led you to this conclusion?
Participant: Because the country we are attaching tariffs too are not going to absorb the cost

AI: You've raised a valid point about countries not absorbing the cost. Could you share any real-life examples or case studies that make you believe so? Also, to what degree do you think this cost transfer impacts the average consumer's purchasing power?
Participant: Well if they are paying more for goods it will decrease their purchasing power.
Participant: The cost will get transferred to consumers ....so it should not happen
Participant: Because the country we are attaching tariffs too are not going to absorb the cost

Participant: Well if they are paying more for goods it will decrease their purchasing power."
3E9A4A2D381C45359172DE1BB0811084,"AI: What do you think about increasing tariffs or fees on goods imported from trading partners to the United States?
Participant: From what I've learned about tariffs, it seems it would just make prices go up for consumers in the US and that wouldn't be a good thing. 
AI: I see. You've mentioned an increase in prices for consumers as a potential negative outcome from tariffs. Could you delve a bit deeper into how you think this might affect everyday life for people? Additionally, what are your thoughts on the argument that tariffs can protect local industries from foreign competition?
Participant: It would make everyday life tougher for those that are already struggling to make ends meet.  As far as protecting local industries from foreign competition, I'm not sure that I agree with that.
Participant: From what I've learned about tariffs, it seems it would just make prices go up for consumers in the US and that wouldn't be a good thing. 
Participant: It would make everyday life tougher for those that are already struggling to make ends meet.  As far as protecting local industries from foreign competition, I'm not sure that I agree with that."
9542EAD3CA434146BEE2D324017222DB,"AI: What do you think about increasing tariffs or fees on goods imported from trading partners to the United States?
Participant: It will increase the prices here. There need to just start open manufactured companies back in the USA. 
AI: You seem to believe that increasing tariffs would lead to higher prices domestically and that relocating manufacturing back to the U.S. would be a better approach. Can you expand more on why you believe manufacturing in the U.S. would make a difference in this regard? Could you also clarify how strong is your conviction about this matter?
Participant: The overall cost would be less expensive to make it here, but the corporation will find a way to jack up the prices, so Americans are screwed either way.
AI: It sounds like you believe corporations play a big role in the pricing issue whether manufacturing is done overseas or in the U.S. Could you share more on how you formed this perspective? And how open you would be to counter-arguments that might change your thinking on this policy?
Participant: no.

Participant: It will increase the prices here. There need to just start open manufactured companies back in the USA. 
Participant: The overall cost would be less expensive to make it here, but the corporation will find a way to jack up the prices, so Americans are screwed either way.
Participant: no.
"
DBB84AEC03ED4E18A11B228D33442C40,"AI: Why hold this position on this issue?
Participant: Raising tariffs on goods that can be produced  here helps American workers.
Participant: Raising tariffs on goods that can be produced  here helps American workers."
2EEC5CB70ADE444E9C9E3EB146119DD4,"AI: What do you think about increasing tariffs or fees on goods imported from trading partners to the United States?
Participant: Prices will likely go up
AI: From your perspective, it seems like you think increasing tariffs could lead to higher prices for goods. Could you explain more about why you think this might happen? Are there specific types of goods or industries you are thinking of?
Participant: Just my thoughts
AI: Fair enough, these are complex issues. Since your first instinct is that prices might go up, could you share how seriously that concerns you? Would it affect your support for tariffs if price increases were confirmed, or do you think there are possible benefits that might outweigh the cost increases?
Participant: Not support tariffs
Participant: Prices will likely go up
Participant: Just my thoughts
Participant: Not support tariffs"
1FACCA6A43714A868BDB7E9471BCA259,NA
D87B6F7E407E4B708D5852B0DDA1EDFA,NA
F2E00CD3924E4A17917E2E3DC5BF0C65,NA
8ABA35BE4FF24A6DAE895F3CDFE22BDA,"AI: Overall, do you think increasing tariffs or fees on goods imported from trading partners will be good or bad for the United States?
Participant: Very bad
AI: Could you please elaborate on why you think increasing tariffs or fees on goods imported from trading partners will be bad for the United States? Are there specific consequences or repercussions you are concerned about?
Participant: It will raise prices on products.  Also America might not be able to take the place of industries in other countries in getting products produced.  
AI: Indeed, price inflation is a common concern when discussing increased tariffs. Do you believe a shift towards more domestic production could change this perspective or potentially add to the issues you have identified?
Participant: I fear that the tariffsmay come and that American factories will not be able to keep up with the demand.  Be a lot of material shortages. 
AI: I see, so you believe that American factories may not be able to meet the demand, leading to potential material shortages. That's a reasonable concern. How strongly do you feel about this opinion — and are there any counter-arguments or factors that could change your stance?
Participant: I believe this strongly.  While I would listen to others views i probably would not change my view unless say a concrete decrease in my costs especially on food.
Participant: Very bad
Participant: It will raise prices on products.  Also America might not be able to take the place of industries in other countries in getting products produced.  
Participant: I fear that the tariffsmay come and that American factories will not be able to keep up with the demand.  Be a lot of material shortages. 
Participant: I believe this strongly.  While I would listen to others views i probably would not change my view unless say a concrete decrease in my costs especially on food."
621FACE0B21A425DB58B0E4A371E80FB,"AI: What do you think about increasing tariffs or fees on goods imported from trading partners to the United States?
Participant: I don't think tariffs are a good idea because it will raise prices in the US
AI: Thank you for your response. Could you provide more details on why you believe tariffs might lead to a rise in prices within the US?
Participant: That seems to be what will happen. According to the data that has been given, and past history. 
AI: I appreciate your response, it seems like you've done your research. To what extent do you feel confident in your understanding and opinion about tariffs and their impact on prices? Would you be open to hear counter-arguments, or is your opinion strongly fixed?
Participant: No. That is my opinion
Participant: I don't think tariffs are a good idea because it will raise prices in the US
Participant: That seems to be what will happen. According to the data that has been given, and past history. 
Participant: No. That is my opinion"
BAAC0CCE6B4D47CE844F96F763BCAF48,"AI: What do you think about increasing tariffs or fees on goods imported from trading partners to the United States?
Participant: a tarriff increase is not what this country needs. prices are too high as it is. high prices are placing a serious strain on families that simply cannot be sustained
AI: It's clear that you're concerned about the impact of tariffs on prices. Could you elaborate on why you think increased tariffs might exacerbate the strain on families? Can you provide a specific example or scenario to illustrate your point?
Participant: a family of 4 with only one income spends 300 a week on groceries already and barely have anything to show for it. tarriffs are always passed on to the consumer so those same groceries will cost that same family an additional 50 or 100 more which will mean the family will have to cut costs elsewhere like medicine or repairs in order to just be able to keep themselves fed
AI: I see, from your example it appears you are mostly concerned about how these cost increases could force families to make difficult decisions about their budgets. And you believe these tariff additions are inevitably passed on to the consumers, contributing to their financial strain. Do you think there might be any benefits to increased tariffs that could potentially outweigh these detriments, or do you feel firmly that the negatives overshadow any potential positives?
Participant: yes i do
Participant: a tarriff increase is not what this country needs. prices are too high as it is. high prices are placing a serious strain on families that simply cannot be sustained
Participant: a family of 4 with only one income spends 300 a week on groceries already and barely have anything to show for it. tarriffs are always passed on to the consumer so those same groceries will cost that same family an additional 50 or 100 more which will mean the family will have to cut costs elsewhere like medicine or repairs in order to just be able to keep themselves fed
Participant: yes i do"
9E16A95FAA50473FA4269944178CF98E,"AI: Overall, do you think increasing tariffs or fees on goods imported from trading partners will be good or bad for the United States?
Participant: Somewhat bad
AI: Thank you for sharing your thoughts. Could you help me understand why you feel somewhat negatively towards the idea of increasing tariffs or fees on goods imported from trade partners? What factors inform your opinion on this issue?
Participant: I understand that fees/increasing costs are associated with anything you do these days from food, to clothing, trading etc. Increasing tariffs to high may prohibit trade from happening. Should it be a reasonable increase because of the general rising costs of all things, yes. But not too high, that everyone is affected.
AI: That's an insightful point. You value a balance between the necessary increase due to economic factors and a level that may affect everyone adversely. Could you expand a bit on which sectors or types of people you believe would be most affected by a significant increase in tariffs?
Participant: Food, gas, and commerce sectors would be affected significantly.
Participant: Somewhat bad
Participant: I understand that fees/increasing costs are associated with anything you do these days from food, to clothing, trading etc. Increasing tariffs to high may prohibit trade from happening. Should it be a reasonable increase because of the general rising costs of all things, yes. But not too high, that everyone is affected.
Participant: Food, gas, and commerce sectors would be affected significantly."
1189B8FB342744EDA833A3F353E5D098,"AI: Overall, do you think increasing tariffs or fees on goods imported from trading partners will be good or bad for the United States?
Participant: Very good
AI: Thank you for providing your perspective. Can you share why you strongly believe increasing tariffs or fees on imported goods will be very good for the United States? What specific benefits do you think this will bring?
Participant: competition 
AI: Interesting point. So you believe increasing tariffs or fees will foster competition. Could you elaborate more on this? How do you see this increased competition benefiting the United States?
Participant: better for economy 
AI: Thank you for your response. Can you delve a bit deeper into how you believe this competition would be better for the economy? Specifically, what sectors do you think would be positively impacted, and in what ways?
Participant: reduce trade deficits
Participant: Very good
Participant: competition 
Participant: better for economy 
Participant: reduce trade deficits"
B5C51C69ECE74B3FBF7C52E3DCE5F04A,"AI: Why hold this position on this issue?
Participant: very bad
Participant: very bad"
58713C62A57640F4A2E0CAC6621BA6D2,NA
1CFC825143704473BE9D8266F27DD7A3,"AI: Overall, do you think increasing tariffs or fees on goods imported from trading partners will be good or bad for the United States?
Participant: Somewhat bad
AI: Could you share a bit more about why you think increasing tariffs or fees on imported goods would be somewhat detrimental for the United States? What impacts do you foresee such an approach would have?
Participant: I believe increasing tariffs will help the wealthiest in the country but the increased costs for ggods will be placed on the middle and working class.
AI: I see. Based on what you've said, it seems like you're concerned about any economic burden that increased tariffs might place on middle and lower-income individuals. Could you discuss any experiences or data that shaped this perspective?
Participant: The wealthiest will not be affected by the increased costs like the working and middle class will be.
AI: Thank you for sharing, I can see that fairness and the potential disproportionate financial impact is a concern for you. Now, if you were to hear a counter-argument that supports the increase in tariffs, do you think it could potentially sway your opinion, or would you say your view is relatively firm on this issue?
Participant: My mind can be changed on the issue.
Participant: Somewhat bad
Participant: I believe increasing tariffs will help the wealthiest in the country but the increased costs for ggods will be placed on the middle and working class.
Participant: The wealthiest will not be affected by the increased costs like the working and middle class will be.
Participant: My mind can be changed on the issue."
6C67505D5D7C4FFA8E220504D91DB9CA,"AI: Why hold this position on this issue?
Participant: the tariffs are not for economic benefit but to modify the behavior of the trading partner.
Participant: the tariffs are not for economic benefit but to modify the behavior of the trading partner."
608D09BB48274F718FEB34AD8238E733,NA
93412792BA684278ADE0F36405CEE4CC,"AI: Why hold this position on this issue?
Participant: I have seen what that has done to computer part prices in the past
Participant: I have seen what that has done to computer part prices in the past"
4B3A991DE8144DC7B1E912C088528836,"AI: Why hold this position on this issue?
Participant: It will cause inflation to skyrocket.
Participant: It will cause inflation to skyrocket."
C81A573CDE2949E39FE921AC0A0401B4,"AI: What do you think about increasing tariffs or fees on goods imported from trading partners to the United States?
Participant: It's a bad idea. Literally every credible economist thinks it's a bad idea that will increase prices in the US.
AI: I see, you have a strong viewpoint. Can you elaborate on why you believe increased tariffs will lead to increased prices in the US? Also, are there any specific sectors or industries you believe will be most affected by this?
Participant: Because tariffs are paid by American companies when they want to use foreign labor. We don't have the infrastructure to make certain things. So whether American companies accept tariffs and opt to import at a higher price or companies work to produce certain products in America (though some things are literally impossible to make here), the end result will make the product more expensive. 
AI: That's a comprehensive perspective. Could you provide examples of products or industries that you believe would be impossible to manufacture or produce within the U.S., which could be impacted by these higher tariffs? Also, would you consider any possible positive impacts of increasing tariffs, for instance, promoting local industries or job creation?
Participant: The obvious ones are produce that America doesn't have the climate to grow.
Participant: It's a bad idea. Literally every credible economist thinks it's a bad idea that will increase prices in the US.
Participant: Because tariffs are paid by American companies when they want to use foreign labor. We don't have the infrastructure to make certain things. So whether American companies accept tariffs and opt to import at a higher price or companies work to produce certain products in America (though some things are literally impossible to make here), the end result will make the product more expensive. 
Participant: The obvious ones are produce that America doesn't have the climate to grow."
96C8CC923276412B929124B7FF766F7B,"AI: Why hold this position on this issue?
Participant: The increase in price will just be passed down to consumers.
Participant: The increase in price will just be passed down to consumers."
1F92A6B7893F48C4BD68FA0D189C078A,"AI: What do you think about increasing tariffs or fees on goods imported from trading partners to the United States?
Participant: That will raise prices in this country substantially and likely cause a significant economic downturn.
AI: Thank you for sharing your viewpoint. Could you elaborate on why you believe increased tariffs would cause prices to rise substantially in the United States and potentially cause an economic downturn?
Participant: The consumer pays for tariffs,
AI: I see your point about consumers bearing the cost of tariffs. Could you explain a bit more about how this price impact occurs? What other possible consequences do you see for the wider economy?
Participant: There would be an avalanche of consequences that would require far more than the current $3 for me to explain fully.
Participant: That will raise prices in this country substantially and likely cause a significant economic downturn.
Participant: The consumer pays for tariffs,
Participant: There would be an avalanche of consequences that would require far more than the current $3 for me to explain fully."
D456235291B34B999B41712549DE261B,NA
655837D11FC04EF4A94BE8C779374707,"AI: Why hold this position on this issue?
Participant: The people in the US ultimately pay for the tariff.
Participant: The people in the US ultimately pay for the tariff."
EA7D58BBEC6E4F64BFF52471BDA02EB0,"AI: What do you think about increasing tariffs or fees on goods imported from trading partners to the United States?
Participant: I think increasing tariffs is an extremely dumb idea, since tariffs are absorbed by the importing countries' companies and not by the exporting country. And regardless, the end result means that the consumer, aka the every day American, is left with the burden of paying higher prices for goods.
AI: Thank you for sharing your view. Could you explain why you believe that the burden of increased tariffs would ultimately fall on the American consumer? Also, do you see any potential benefits associated with increased tariffs, or do you believe the drawbacks outweigh any potential upside?
Participant: Corporations are extremely greedy, if something that used to cost $5 to import now costs them $10 to import and they used to apply a 50% mark up and still need to apply that same mark up, what used to cost a consumer $7.50 now costs them $15. The idea that the corporation will eat that tariff and sell the good at a loss or even a reduced profit margin is naive. The only benefit would be encouraging domestic production of goods, but globalization and specialization are what drives production for the global economy, which would ultimately favor the US as well.
AI: Your perspective is quite insightful. Could you elaborate more on why you believe a potential benefit to increased tariffs might be encouraging domestic production? Similarly, can you clarify why you see globalization and specialization as crucial factors that ultimately favor the US?
Participant: Potential benefit is kind of sarcastic, since for a company to have gotten to a point where they decide to shift production to domestic rather than international, they must have hit a price point where the consumer wasn't purchasing, which would mean that the nation is in a recession or worse. If its cheaper to make something abroad and sell it back at home for cheaper, where both the company is making profit and consumer consuming, that would benefit the US.
Participant: I think increasing tariffs is an extremely dumb idea, since tariffs are absorbed by the importing countries' companies and not by the exporting country. And regardless, the end result means that the consumer, aka the every day American, is left with the burden of paying higher prices for goods.
Participant: Corporations are extremely greedy, if something that used to cost $5 to import now costs them $10 to import and they used to apply a 50% mark up and still need to apply that same mark up, what used to cost a consumer $7.50 now costs them $15. The idea that the corporation will eat that tariff and sell the good at a loss or even a reduced profit margin is naive. The only benefit would be encouraging domestic production of goods, but globalization and specialization are what drives production for the global economy, which would ultimately favor the US as well.
Participant: Potential benefit is kind of sarcastic, since for a company to have gotten to a point where they decide to shift production to domestic rather than international, they must have hit a price point where the consumer wasn't purchasing, which would mean that the nation is in a recession or worse. If its cheaper to make something abroad and sell it back at home for cheaper, where both the company is making profit and consumer consuming, that would benefit the US."
C660CAE15237476383C4E47D6B573CB8,"AI: Why hold this position on this issue?
AI: Why hold this position on this issue?"
247A11D9A7FE45AD910A0C9598E8CE0F,NA
77BCB91AD68445499F0FE58BF2616AA4,"AI: Why hold this position on this issue?
Participant: Not all tariffs are the same, but in general tariffs are not a good idea, there should be more trade
Participant: Not all tariffs are the same, but in general tariffs are not a good idea, there should be more trade"
6667EFEDF7014DF1889C68167D3F0BA8,NA
9FBC3C597EB640B08D92A208F9ADBC1E,"AI: Overall, do you think increasing tariffs or fees on goods imported from trading partners will be good or bad for the United States?
Participant: Very bad
AI: Thank you for your response. Could you elaborate a bit more on why you think increasing tariffs or fees on goods imported from trading partners will be very bad for the United States?
Participant: We've depended on foreign goods for so long that we no longer have the ability to do our own manufacturing.
AI: I see. So, in your view, the potential harm from increasing tariffs or fees would arise from the U.S.'s dependence on foreign manufacturing. Also, you mentioned the lack of domestic manufacturing capabilities. Can you explain further how you see this playing out if tariffs were to be increased?
Participant: Everything is going to get a lot more expensive. Lots of people will end up in poverty.
AI: I understand your concern about the potential for higher costs and poverty. You seem to feel strongly about this. Is there anything else that strengthens your view against increasing tariffs or do you have any solutions that you would suggest instead?
Participant: We could start by slowly reintroducing manufacturing infrastructure in the US.
Participant: Very bad
Participant: We've depended on foreign goods for so long that we no longer have the ability to do our own manufacturing.
Participant: Everything is going to get a lot more expensive. Lots of people will end up in poverty.
Participant: We could start by slowly reintroducing manufacturing infrastructure in the US."
38D67A1E5B424E74B8195E66C4B941E9,"AI: Overall, do you think increasing tariffs or fees on goods imported from trading partners will be good or bad for the United States?
Participant: Bad
AI: Thank you for your response. Could you share more about why you believe increasing tariffs or fees on goods imported from trading partners will be detrimental for the United States? Are there any specific consequences or scenarios that you are particularly concerned about?
Participant: If we're talking about what Trump is proposing, that'll just be awful it seems like. Companies are already raising their prices for no reason, and with super high tariffs they'll just pass that along to consumers who basically have no other choices.
AI: I understand your concerns about the potential rise in prices for consumers. Apart from the price inflation, are there any other implications or ripple effects that worry you about higher tariffs on imported goods? For example, possible effects on global trade relationships or the domestic job market?
Participant: Global trade relationships will suffer if the tariffs are insane, and honestly I'm not sure how the domestic job market would suffer, I don't have much knowledge in that area. My guess is that we'd be hit with retaliatory tariffs, which would reduce our exports. That reduction in exports would lead to a reduction in US production and then job loss.
Participant: Bad
Participant: If we're talking about what Trump is proposing, that'll just be awful it seems like. Companies are already raising their prices for no reason, and with super high tariffs they'll just pass that along to consumers who basically have no other choices.
Participant: Global trade relationships will suffer if the tariffs are insane, and honestly I'm not sure how the domestic job market would suffer, I don't have much knowledge in that area. My guess is that we'd be hit with retaliatory tariffs, which would reduce our exports. That reduction in exports would lead to a reduction in US production and then job loss."
6295F52CC5254BD09287AB7AB80B8A9D,"AI: What do you think about increasing tariffs or fees on goods imported from trading partners to the United States?
Participant: I do Not agree with it!! 
AI: It sounds like you have some strong feelings against increasing tariffs or fees on imported goods. Could you please elaborate on why you feel this way? What leads you to this perspective?
Participant: If the tariffs get increased then the price to the American consumer will too!! This leads to inflation!!
AI: You mentioned concern over potential inflation due to an increase in tariffs. Can you give an example of a product or type of goods you feel would be particularly affected by this? And how do you think this possible inflation would affect you or those around you personally?
Participant: Inflation affects all Americans in one way or another!! 
AI: That's a broad perspective. Could you maybe give a specific example or event where you have seen this personally, or when the fear of increasing prices due to tariffs made you change your thinking or behavior?
Participant: Gas prices would go up as well as consumer goods!!
Participant: I do Not agree with it!! 
Participant: If the tariffs get increased then the price to the American consumer will too!! This leads to inflation!!
Participant: Inflation affects all Americans in one way or another!! 
Participant: Gas prices would go up as well as consumer goods!!"
